title_hint,url,published_raw,source_feed,data_source,wayback_ts
Minnesota Man Sentenced for Threatening to Murder a Member of Congress,https://www.fbi.gov/contact-us/field-offices/minneapolis/news/minnesota-man-sentenced-for-threatening-to-murder-a-member-of-congress,"Wed, 18 Mar 2026 11:50:00 +0000",https://www.fbi.gov/feeds/fbi-in-the-news/rss.xml,rss,
Former Manager of Lafayette Medical Clinic Pleads Guilty to Embezzling More Than $500k From Employer,https://www.fbi.gov/contact-us/field-offices/neworleans/news/former-manager-of-lafayette-medical-clinic-pleads-guilty-to-embezzling-more-than-500k-from-employer,"Wed, 18 Mar 2026 11:47:00 +0000",https://www.fbi.gov/feeds/fbi-in-the-news/rss.xml,rss,
FBI Warns Kentuckians to Beware of Scammers Impersonating Law Enforcement and Government Officials,https://www.fbi.gov/contact-us/field-offices/louisville/news/fbi-warns-kentuckians-to-beware-of-scammers-impersonating-law-enforcement-and-government-officials,"Wed, 18 Mar 2026 09:28:00 +0000",https://www.fbi.gov/feeds/fbi-in-the-news/rss.xml,rss,
FBI and Partner Agencies Offer Support Resources to Victims of the Tragedy at Old Dominion University,https://www.fbi.gov/contact-us/field-offices/norfolk/news/fbi-and-partner-agencies-offer-support-resources-to-victims-of-the-tragedy-at-old-dominion-university,"Mon, 16 Mar 2026 13:49:00 +0000",https://www.fbi.gov/feeds/fbi-in-the-news/rss.xml,rss,
Detroit Man Sentenced to 14 Years in Prison for Federal Drug Crime,https://www.fbi.gov/contact-us/field-offices/pittsburgh/news/detroit-man-sentenced-to-14-years-in-prison-for-federal-drug-crime,"Mon, 16 Mar 2026 08:00:00 +0000",https://www.fbi.gov/feeds/fbi-in-the-news/rss.xml,rss,
York Man Charged with Possessing Guns as a Felon,https://www.fbi.gov/contact-us/field-offices/philadelphia/news/york-man-charged-with-possessing-guns-as-a-felon,"Mon, 16 Mar 2026 07:30:00 +0000",https://www.fbi.gov/feeds/fbi-in-the-news/rss.xml,rss,
"Lawyer Charged with Attempted Extortion of Former Client and Client’s Son Over Alleged $500,000 Debt",https://www.fbi.gov/contact-us/field-offices/newyork/news/lawyer-charged-with-attempted-extortion-of-former-client-and-clients-son-over-alleged-500000-debt,"Sat, 14 Mar 2026 17:00:00 +0000",https://www.fbi.gov/feeds/fbi-in-the-news/rss.xml,rss,
Detroit Special Agent in Charge Jennifer Runyan Delivers Additional Remarks Regarding West Bloomfield Attack,https://www.fbi.gov/contact-us/field-offices/detroit/news/detroit-special-agent-in-charge-jennifer-runyan-delivers-additional-remarks-regarding-west-bloomfield-attack,"Fri, 13 Mar 2026 20:30:00 +0000",https://www.fbi.gov/feeds/fbi-in-the-news/rss.xml,rss,
Lame Deer Man Sentenced to 12 Years in Prison for Assaulting Federal Officers on the Northern Cheyenne Indian Reservation,https://www.fbi.gov/contact-us/field-offices/billings/news/lame-deer-man-sentenced-to-12-years-in-prison-for-assaulting-federal-officers-on-the-northern-cheyenne-indian-reservation,"Fri, 13 Mar 2026 18:30:00 +0000",https://www.fbi.gov/feeds/fbi-in-the-news/rss.xml,rss,
Mescalero Man Pleads Guilty to Sexual Abuse,https://www.fbi.gov/contact-us/field-offices/albuquerque/news/mescalero-man-pleads-guilty-to-sexual-abuse,"Fri, 13 Mar 2026 18:04:00 +0000",https://www.fbi.gov/feeds/fbi-in-the-news/rss.xml,rss,
Jacksonville Man Indicted for Attempting to Entice a 13-Year-Old Child to Engage in Sexual Activity,https://www.fbi.gov/contact-us/field-offices/jacksonville/news/jacksonville-man-indicted-for-attempting-to-entice-a-13-year-old-child-to-engage-in-sexual-activity-2,"Fri, 13 Mar 2026 18:03:00 +0000",https://www.fbi.gov/feeds/fbi-in-the-news/rss.xml,rss,
Helena Man Sentenced to Over 11 Years in Prison for Trafficking Methamphetamine and Fentanyl,https://www.fbi.gov/contact-us/field-offices/billings/news/helena-man-sentenced-to-over-11-years-in-prison-for-trafficking-meth-and-fentanyl,"Fri, 13 Mar 2026 18:00:00 +0000",https://www.fbi.gov/feeds/fbi-in-the-news/rss.xml,rss,
Garryowen Man Sentenced for Vehicular Death on Crow Indian Reservation,https://www.fbi.gov/contact-us/field-offices/billings/news/garryowen-man-sentenced-for-vehicular-death-on-crow-indian-reservation,"Fri, 13 Mar 2026 18:00:00 +0000",https://www.fbi.gov/feeds/fbi-in-the-news/rss.xml,rss,
Dulce Man Convicted of Aggravated Sexual Abuse,https://www.fbi.gov/contact-us/field-offices/albuquerque/news/dulce-man-convicted-of-aggravated-sexual-abuse,"Fri, 13 Mar 2026 18:00:00 +0000",https://www.fbi.gov/feeds/fbi-in-the-news/rss.xml,rss,
Correctional Officer Sentenced to 10 Years for Trafficking Methamphetamine in Federal Prison,https://www.fbi.gov/contact-us/field-offices/houston/news/correctional-officer-sentenced-to-10-years-for-trafficking-meth-in-federal-prison,"Fri, 13 Mar 2026 17:59:00 +0000",https://www.fbi.gov/feeds/fbi-in-the-news/rss.xml,rss,
Crownpoint Man Pleads Guilty to Strangulation and Assaulting Officer,https://www.fbi.gov/contact-us/field-offices/albuquerque/news/crownpoint-man-pleads-guilty-to-strangulation-and-assaulting-officer,"Fri, 13 Mar 2026 17:56:00 +0000",https://www.fbi.gov/feeds/fbi-in-the-news/rss.xml,rss,
Federal Jury Convicts Three Women for Conspiracy to Commit Wire Fraud Related to Rocky Hill Pharmacy,https://www.fbi.gov/contact-us/field-offices/nashville/news/federal-jury-convicts-three-women-for-conspiracy-to-commit-wire-fraud-related-to-rocky-hill-pharmacy,"Fri, 13 Mar 2026 17:30:00 +0000",https://www.fbi.gov/feeds/fbi-in-the-news/rss.xml,rss,
Drug Trafficking Leader to Serve 25 Years for Multi-State Fentanyl and Methamphetamine Operation,https://www.fbi.gov/contact-us/field-offices/houston/news/drug-trafficking-leader-to-serve-25-years-for-multi-state-fentanyl-and-methamphetamine-operation,"Fri, 13 Mar 2026 17:30:00 +0000",https://www.fbi.gov/feeds/fbi-in-the-news/rss.xml,rss,
Another Week of Border Enforcement Results in 461 People Charged,https://www.fbi.gov/contact-us/field-offices/houston/news/another-week-of-border-enforcement-results-in-461-people-charged,"Fri, 13 Mar 2026 17:30:00 +0000",https://www.fbi.gov/feeds/fbi-in-the-news/rss.xml,rss,
Murder Investigation Leads to Federal Drug Trafficking and Firearms Charges,https://www.fbi.gov/contact-us/field-offices/houston/news/murder-investigation-leads-to-federal-drug-trafficking-and-firearms-charges,"Fri, 13 Mar 2026 17:00:00 +0000",https://www.fbi.gov/feeds/fbi-in-the-news/rss.xml,rss,
U.S. Attorney’s Office Added 250 New Immigration Cases This Week in Western District of Texas,https://www.fbi.gov/contact-us/field-offices/sanantonio/news/us-attorneys-office-added-250-new-immigration-cases-this-week-in-western-district-of-texas,"Fri, 13 Mar 2026 17:00:00 +0000",https://www.fbi.gov/feeds/fbi-in-the-news/rss.xml,rss,
"FBI, Colerain Police, and BCI Announce Safe Rescue of Missing Teen",https://www.fbi.gov/contact-us/field-offices/cincinnati/news/fbi-colerain-police-and-bci-announce-safe-rescue-of-missing-teen,"Fri, 13 Mar 2026 12:38:00 +0000",https://www.fbi.gov/feeds/fbi-in-the-news/rss.xml,rss,
Man Federally Charged with Assaulting Officers at Dallas Love Field Security Checkpoint,https://www.fbi.gov/contact-us/field-offices/dallas/news/man-federally-charged-with-assaulting-officers-at-dallas-love-field-security-checkpoint,"Fri, 13 Mar 2026 11:30:00 +0000",https://www.fbi.gov/feeds/fbi-in-the-news/rss.xml,rss,
Antifa Cell Members Convicted in Prairieland ICE Detention Center Shooting,https://www.fbi.gov/contact-us/field-offices/dallas/news/antifa-cell-members-convicted-in-prairieland-ice-detention-center-shooting,"Fri, 13 Mar 2026 11:00:00 +0000",https://www.fbi.gov/feeds/fbi-in-the-news/rss.xml,rss,
Virginia Man Charged with Illegally Selling the Firearm Used in the Campus Shooting at Old Dominion University,https://www.fbi.gov/news/press-releases/virginia-man-charged-with-illegally-selling-the-firearm-used-in-the-campus-shooting-at-old-dominion-university,"Fri, 13 Mar 2026 10:30:00 +0000",https://www.fbi.gov/feeds/fbi-in-the-news/rss.xml,rss,
Virginia Man Admits to Identity Theft and Money Laundering,https://www.fbi.gov/contact-us/field-offices/pittsburgh/news/virginia-man-admits-to-identity-theft-and-money-laundering,"Fri, 13 Mar 2026 09:30:00 +0000",https://www.fbi.gov/feeds/fbi-in-the-news/rss.xml,rss,
Ohio Man Indicted for Possessing Contraband in Prison,https://www.fbi.gov/contact-us/field-offices/philadelphia/news/ohio-man-indicted-for-possessing-contraband-in-prison,"Fri, 13 Mar 2026 07:30:00 +0000",https://www.fbi.gov/feeds/fbi-in-the-news/rss.xml,rss,
"Texas Man Sentenced for Monopolizing International Transit Industry, Fixing Prices, and Extorting Competitors",https://www.fbi.gov/contact-us/field-offices/houston/news/texas-man-sentenced-for-monopolizing-international-transit-industry-fixing-prices-and-extorting-competitors,"Fri, 13 Mar 2026 06:46:00 +0000",https://www.fbi.gov/feeds/fbi-in-the-news/rss.xml,rss,
Boone County Man Sentenced for Distribution of Child Pornography,https://www.fbi.gov/contact-us/field-offices/louisville/news/boone-county-man-sentenced-for-distribution-of-child-pornography,"Fri, 13 Mar 2026 06:30:00 +0000",https://www.fbi.gov/feeds/fbi-in-the-news/rss.xml,rss,
Gallatin County Man Sentenced for Distribution of Child Pornography,https://www.fbi.gov/contact-us/field-offices/louisville/news/gallatin-county-man-sentenced-for-distribution-of-child-pornography,"Fri, 13 Mar 2026 06:30:00 +0000",https://www.fbi.gov/feeds/fbi-in-the-news/rss.xml,rss,
Sex Offender Sentenced to Prison After Found in Possession of Child Pornography,https://www.fbi.gov/contact-us/field-offices/kansascity/news/sex-offender-sentenced-to-prison-after-found-in-possession-of-child-pornography,"Fri, 13 Mar 2026 06:30:00 +0000",https://www.fbi.gov/feeds/fbi-in-the-news/rss.xml,rss,
Illegal Alien and Convicted Felon Sentenced to More Than 15 Years in Prison for Trafficking Cocaine Across U.S.-Mexico Border,https://www.fbi.gov/contact-us/field-offices/cleveland/news/illegal-alien-and-convicted-felon-sentenced-to-more-than-15-years-in-prison-for-trafficking-cocaine-across-us-mexico-border,"Fri, 13 Mar 2026 06:30:00 +0000",https://www.fbi.gov/feeds/fbi-in-the-news/rss.xml,rss,
Former U.S. Marine Corps Intelligence Analyst Charged with Willful Transmission of National Defense Information,https://www.fbi.gov/contact-us/field-offices/kansascity/news/former-us-marine-corps-intelligence-analyst-charged-with-willful-transmission-of-national-defense-information,"Fri, 13 Mar 2026 06:00:00 +0000",https://www.fbi.gov/feeds/fbi-in-the-news/rss.xml,rss,
Smithfield Man Charged with Illegally Selling the Firearm Used in the Campus Shooting at Old Dominion University,https://www.fbi.gov/contact-us/field-offices/norfolk/news/smithfield-man-charged-with-illegally-selling-the-firearm-used-in-the-campus-shooting-at-old-dominion-university,"Fri, 13 Mar 2026 06:00:00 +0000",https://www.fbi.gov/feeds/fbi-in-the-news/rss.xml,rss,
"Remarks by Jennifer Runyan, Special Agent in Charge of FBI Detroit, on Temple Israel Synagogue Attack",https://www.fbi.gov/contact-us/field-offices/detroit/news/remarks-by-fbi-detroit-on-temple-israel-synagogue-attack,"Thu, 12 Mar 2026 20:05:00 +0000",https://www.fbi.gov/feeds/fbi-in-the-news/rss.xml,rss,
"Remarks by Dominique Evans, Special Agent in Charge of FBI Norfolk, on Old Dominion University Shooting",https://www.fbi.gov/contact-us/field-offices/norfolk/news/remarks-by-fbi-norfolk-on-old-dominion-university-shooting,"Thu, 12 Mar 2026 19:03:00 +0000",https://www.fbi.gov/feeds/fbi-in-the-news/rss.xml,rss,
Two Men Sentenced for Kidnapping St. Louis County Toddler,https://www.fbi.gov/contact-us/field-offices/stlouis/news/two-men-sentenced-for-kidnapping-st-louis-county-toddler,"Thu, 12 Mar 2026 18:00:00 +0000",https://www.fbi.gov/feeds/fbi-in-the-news/rss.xml,rss,
Two Defendants Involved in Pharmacy Burglary Ring Across Multiple States are Sentenced to Serve a Combined Time of More Than 25 Years in Federal Prison,https://www.fbi.gov/contact-us/field-offices/littlerock/news/two-defendants-involved-in-pharmacy-burglary-ring-across-multiple-states-are-sentenced-to-serve-a-combined-time-of-more-than-25-years-in-federal-prison,"Thu, 12 Mar 2026 18:00:00 +0000",https://www.fbi.gov/feeds/fbi-in-the-news/rss.xml,rss,
"Authorities Dismantle Global Malicious Proxy Service That Deployed Malware and Defrauded Thousands of U.S. Persons, Businesses, and Financial Institutions of Millions of Dollars in Losses",https://www.fbi.gov/contact-us/field-offices/sacramento/news/authorities-dismantle-global-malicious-proxy-service-that-deployed-malware-and-defrauded-thousands-of-us-persons-businesses-and-financial-institutions-of-millions-of-dollars-in-losses,"Thu, 12 Mar 2026 17:30:00 +0000",https://www.fbi.gov/feeds/fbi-in-the-news/rss.xml,rss,
Former St. Louis Building Inspector Accused of $1.6 Million Fraud,https://www.fbi.gov/contact-us/field-offices/stlouis/news/former-st-louis-building-inspector-accused-of-16-million-fraud,"Thu, 12 Mar 2026 17:00:00 +0000",https://www.fbi.gov/feeds/fbi-in-the-news/rss.xml,rss,
Five Sentenced for Helping Overseas Scammers Defraud Elderly Victims,https://www.fbi.gov/contact-us/field-offices/stlouis/news/five-sentenced-for-helping-overseas-scammers-defraud-elderly-victims,"Thu, 12 Mar 2026 17:00:00 +0000",https://www.fbi.gov/feeds/fbi-in-the-news/rss.xml,rss,
U.S. Attorney’s Office and FBI Continue Their Fight Against Sex Trafficking in New York: Pearl River Man and Woman Charged,https://www.fbi.gov/contact-us/field-offices/newyork/news/us-attorneys-office-and-fbi-continue-their-fight-against-sex-trafficking-in-new-york-pearl-river-man-and-woman-charged,"Thu, 12 Mar 2026 17:00:00 +0000",https://www.fbi.gov/feeds/fbi-in-the-news/rss.xml,rss,
"Illegal Alien from Mexico Indicted After Agents Seized Large Quantities of Narcotics, Including 22 Pounds of Fentanyl Powder",https://www.fbi.gov/contact-us/field-offices/saltlakecity/news/illegal-alien-from-mexico-indicted-after-agents-seized-large-quantities-of-narcotics-including-22-pounds-of-fentanyl-powder,"Thu, 12 Mar 2026 16:30:00 +0000",https://www.fbi.gov/feeds/fbi-in-the-news/rss.xml,rss,
"Queens Man Indicted for Sex Trafficking Five Victims, Including Three Minors, at Hotels on Long Island and Elsewhere",https://www.fbi.gov/contact-us/field-offices/newyork/news/queens-man-indicted-for-sex-trafficking-five-victims-including-three-minors-at-hotels-on-long-island-and-elsewhere,"Thu, 12 Mar 2026 16:30:00 +0000",https://www.fbi.gov/feeds/fbi-in-the-news/rss.xml,rss,
Philadelphia Fugitive Added to FBI’s Ten Most Wanted Fugitives List,https://www.fbi.gov/contact-us/field-offices/philadelphia/news/philadelphia-fugitive-added-to-fbis-ten-most-wanted-fugitives-list,"Thu, 12 Mar 2026 15:30:00 +0000",https://www.fbi.gov/feeds/fbi-in-the-news/rss.xml,rss,
Leader of ATM Jackpotting Conspiracy that Funneled Money to Tren de Aragua Added to the FBI’s List of Ten Most Wanted Fugitives,https://www.fbi.gov/contact-us/field-offices/omaha/news/leader-of-atm-jackpotting-conspiracy-that-funneled-money-to-tren-de-aragua-added-to-fbi-list-of-ten-most-wanted-fugitives,"Thu, 12 Mar 2026 15:30:00 +0000",https://www.fbi.gov/feeds/fbi-in-the-news/rss.xml,rss,
Columbia Woman Who Coerced Minor Boy to Engage in Sex Sentenced to 20 Years in Federal Prison,https://www.fbi.gov/contact-us/field-offices/newhaven/news/columbia-woman-who-coerced-minor-boy-to-engage-in-sex-sentenced-to-20-years-in-federal-prison,"Thu, 12 Mar 2026 15:25:00 +0000",https://www.fbi.gov/feeds/fbi-in-the-news/rss.xml,rss,
"Bridgeport Man Sentenced to More Than Eight Years in Prison for Gunpoint Robberies of Retail Stores, Amazon Delivery Truck",https://www.fbi.gov/contact-us/field-offices/newhaven/news/bridgeport-man-sentenced-to-more-than-eight-years-in-prison-for-gunpoint-robberies-of-retail-stores-amazon-delivery-truck,"Thu, 12 Mar 2026 15:07:00 +0000",https://www.fbi.gov/feeds/fbi-in-the-news/rss.xml,rss,
Navy Commander Sentenced for Federal Cyberstalking,https://www.fbi.gov/contact-us/field-offices/baltimore/news/navy-commander-sentenced-for-federal-cyberstalking,"Thu, 12 Mar 2026 14:43:00 +0000",https://www.fbi.gov/feeds/fbi-in-the-news/rss.xml,rss,
Milwaukee Man Sentenced to 264 Months in Federal Prison,https://www.fbi.gov/contact-us/field-offices/milwaukee/news/milwaukee-man-sentenced-to-264-months-in-federal-prison,"Thu, 12 Mar 2026 14:30:00 +0000",https://www.fbi.gov/feeds/fbi-in-the-news/rss.xml,rss,
Final Defendant in Large York County Drug Conspiracy Sentenced to 15 Years in Federal Prison,https://www.fbi.gov/contact-us/field-offices/columbia/news/final-defendant-in-large-york-county-drug-conspiracy-sentenced-to-15-years-in-federal-prison,"Thu, 12 Mar 2026 14:30:00 +0000",https://www.fbi.gov/feeds/fbi-in-the-news/rss.xml,rss,
Providence Man Sentenced to 10 Years in Federal Prison for Fentanyl Trafficking,https://www.fbi.gov/contact-us/field-offices/boston/news/providence-man-sentenced-to-10-years-in-federal-prison-for-fentanyl-trafficking,"Thu, 12 Mar 2026 14:00:00 +0000",https://www.fbi.gov/feeds/fbi-in-the-news/rss.xml,rss,
Grand Jury Returns Indictments,https://www.fbi.gov/contact-us/field-offices/milwaukee/news/grand-jury-returns-indictments-14,"Thu, 12 Mar 2026 13:30:00 +0000",https://www.fbi.gov/feeds/fbi-in-the-news/rss.xml,rss,
"Tallahassee Man Charged for Threats to Kill the President, Member of Congress, and Federal Reserve Chairman",https://www.fbi.gov/contact-us/field-offices/jacksonville/news/tallahassee-man-charged-threats-kill-president-member-congress-federal-reserve,"Thu, 12 Mar 2026 13:24:00 +0000",https://www.fbi.gov/feeds/fbi-in-the-news/rss.xml,rss,
New Orleans Resident Sentenced for Making Ransom Demand for Release of Kidnapping Victim,https://www.fbi.gov/contact-us/field-offices/neworleans/news/new-orleans-resident-sentenced-for-making-ransom-demand-for-release-of-kidnapping-victim,"Thu, 12 Mar 2026 12:00:00 +0000",https://www.fbi.gov/feeds/fbi-in-the-news/rss.xml,rss,
New Orleans Man Indicted for Being Felon in Possession of Firearm and Ammunition,https://www.fbi.gov/contact-us/field-offices/neworleans/news/new-orleans-man-indicted-for-being-felon-in-possession-of-firearm-and-ammunition,"Thu, 12 Mar 2026 12:00:00 +0000",https://www.fbi.gov/feeds/fbi-in-the-news/rss.xml,rss,
Ten Most Wanted Fugitive Samuel Ramirez Jr. Apprehended in Mexico,https://www.fbi.gov/contact-us/field-offices/seattle/news/ten-most-wanted-fugitive-samuel-ramirez-jr-apprehended-in-mexico,"Thu, 12 Mar 2026 11:12:00 +0000",https://www.fbi.gov/feeds/fbi-in-the-news/rss.xml,rss,
Activity in the U.S. Attorney’s Office,https://www.fbi.gov/contact-us/field-offices/denver/news/activity-in-the-us-attorneys-office-20,"Thu, 12 Mar 2026 11:00:00 +0000",https://www.fbi.gov/feeds/fbi-in-the-news/rss.xml,rss,
Evading Residential Proxy Networks: Protecting Your Devices from Becoming a Tool for Criminals,https://www.fbi.gov/investigate/cyber/alerts/2026/evading-residential-proxy-networks-protecting-your-devices-from-becoming-a-tool-for-criminals,"Thu, 12 Mar 2026 10:30:00 +0000",https://www.fbi.gov/feeds/fbi-in-the-news/rss.xml,rss,
Two Cambria County Residents Indicted for Methamphetamine Trafficking,https://www.fbi.gov/contact-us/field-offices/pittsburgh/news/two-cambria-county-residents-indicted-for-methamphetamine-trafficking,"Thu, 12 Mar 2026 08:00:00 +0000",https://www.fbi.gov/feeds/fbi-in-the-news/rss.xml,rss,
New Orleans Felons Indicted for Federal Drug Trafficking and Firearms Offenses,https://www.fbi.gov/contact-us/field-offices/neworleans/news/new-orleans-felons-indicted-for-federal-drug-trafficking-and-firearms-offenses,"Thu, 12 Mar 2026 07:00:00 +0000",https://www.fbi.gov/feeds/fbi-in-the-news/rss.xml,rss,
Nine-Time Felon Sentenced for Firearms Violation After Participating in Shootout,https://www.fbi.gov/contact-us/field-offices/neworleans/news/nine-time-felon-sentenced-for-firearms-violation-after-participating-in-shootout,"Thu, 12 Mar 2026 07:00:00 +0000",https://www.fbi.gov/feeds/fbi-in-the-news/rss.xml,rss,
Louisville Man Faces at Least 35 Years in Prison Following Conviction at Trial on Nine Federal Child Exploitation Charges,https://www.fbi.gov/contact-us/field-offices/louisville/news/louisville-man-faces-at-least-35-years-in-prison-following-conviction-at-trial-on-nine-federal-child-exploitation-charges,"Thu, 12 Mar 2026 07:00:00 +0000",https://www.fbi.gov/feeds/fbi-in-the-news/rss.xml,rss,
Bowling Green Man Sentenced to 27 Years and Six Months in Federal Prison for Online Enticement of Minors,https://www.fbi.gov/contact-us/field-offices/louisville/news/bowling-green-man-sentenced-to-27-years-and-six-months-in-federal-prison-for-online-enticement-of-minors,"Thu, 12 Mar 2026 07:00:00 +0000",https://www.fbi.gov/feeds/fbi-in-the-news/rss.xml,rss,
Three Sentenced in Methamphetamine Trafficking Conspiracy,https://www.fbi.gov/contact-us/field-offices/louisville/news/three-sentenced-in-methamphetamine-trafficking-conspiracy,"Thu, 12 Mar 2026 07:00:00 +0000",https://www.fbi.gov/feeds/fbi-in-the-news/rss.xml,rss,
Mexican National Indicted for Possessing and Distributing Child Sexual Abuse Material,https://www.fbi.gov/contact-us/field-offices/oklahomacity/news/mexican-national-indicted-for-possessing-and-distributing-child-sexual-abuse-material,"Thu, 12 Mar 2026 07:00:00 +0000",https://www.fbi.gov/feeds/fbi-in-the-news/rss.xml,rss,
Former Pagan’s Motorcycle Gang Member Pleaded Guilty for Armed Assaults Against Rivals,https://www.fbi.gov/contact-us/field-offices/kansascity/news/former-pagans-motorcycle-gang-member-pleaded-guilty-for-armed-assaults-against-rivals,"Thu, 12 Mar 2026 06:30:00 +0000",https://www.fbi.gov/feeds/fbi-in-the-news/rss.xml,rss,
Federal Grand Jury Indicts Three Defendants on Charges Related to Public Shootings,https://www.fbi.gov/contact-us/field-offices/cincinnati/news/federal-grand-jury-indicts-three-defendants-on-charges-related-to-public-shootings,"Thu, 12 Mar 2026 06:30:00 +0000",https://www.fbi.gov/feeds/fbi-in-the-news/rss.xml,rss,
Grand Jury Indicts New York Man Charged with Federal Sexual Exploitation Crimes,https://www.fbi.gov/contact-us/field-offices/cincinnati/news/grand-jury-indicts-new-york-man-charged-with-federal-sexual-exploitation-crimes,"Thu, 12 Mar 2026 06:30:00 +0000",https://www.fbi.gov/feeds/fbi-in-the-news/rss.xml,rss,
Former Pagan’s Motorcycle Gang Member Sentenced to 80 Months for Assault Against Rival,https://www.fbi.gov/contact-us/field-offices/kansascity/news/former-pagans-motorcycle-gang-member-sentenced-to-80-months-for-assault-against-rival,"Thu, 12 Mar 2026 06:00:00 +0000",https://www.fbi.gov/feeds/fbi-in-the-news/rss.xml,rss,
Independence Man Charged after 24 Kilograms of Methamphetamine and Multiple Firearms Seized from Residence,https://www.fbi.gov/contact-us/field-offices/kansascity/news/independence-man-charged-after-24-kilograms-of-methamphetamine-and-multiple-firearms-seized-from-residence,"Thu, 12 Mar 2026 06:00:00 +0000",https://www.fbi.gov/feeds/fbi-in-the-news/rss.xml,rss,
South Carolina Couple Sentenced for Cyberstalking Scheme That Targeted Vulnerable Victim and His Family,https://www.fbi.gov/contact-us/field-offices/charlotte/news/south-carolina-couple-sentenced-for-cyberstalking-scheme-that-targeted-vulnerable-victim-and-his-family,"Thu, 12 Mar 2026 06:00:00 +0000",https://www.fbi.gov/feeds/fbi-in-the-news/rss.xml,rss,
"Former Robeson County Sheriff’s Deputy and Family Plead Guilty to Stealing Over $542,000 in Fraudulent COVID Loans",https://www.fbi.gov/contact-us/field-offices/charlotte/news/former-robeson-county-sheriffs-deputy-and-family-plead-guilty-to-stealing-over-542000-in-fraudulent-covid-loans,"Thu, 12 Mar 2026 06:00:00 +0000",https://www.fbi.gov/feeds/fbi-in-the-news/rss.xml,rss,
Hays Woman Sentenced to 22 Months in Prison for Assault Resulting in Serious Bodily Injury,https://www.fbi.gov/contact-us/field-offices/billings/news/hays-woman-sentenced-to-22-months-in-prison-for-assault-resulting-in-serious-bodily-injury,"Wed, 11 Mar 2026 18:30:00 +0000",https://www.fbi.gov/feeds/fbi-in-the-news/rss.xml,rss,
Second Defendant Pleads Guilty to Carjacking Resulting in Death,https://www.fbi.gov/contact-us/field-offices/billings/news/second-defendant-pleads-guilty-to-carjacking-resulting-in-death,"Wed, 11 Mar 2026 18:30:00 +0000",https://www.fbi.gov/feeds/fbi-in-the-news/rss.xml,rss,
New Haven Man Sentenced to 14 Years in Federal Prison for Trafficking Fentanyl,https://www.fbi.gov/contact-us/field-offices/newhaven/news/new-haven-man-sentenced-to-14-years-in-federal-prison-for-trafficking-fentanyl,"Wed, 11 Mar 2026 18:00:00 +0000",https://www.fbi.gov/feeds/fbi-in-the-news/rss.xml,rss,
Statement from FBI Milwaukee Special Agent in Charge,https://www.fbi.gov/contact-us/field-offices/milwaukee/news/fbi-milwaukee-statement,"Wed, 11 Mar 2026 17:50:00 +0000",https://www.fbi.gov/feeds/fbi-in-the-news/rss.xml,rss,
Two Men Admit Pocketing Millions in Donations From Petco Park and Snapdragon Stadium Meant for Charity,https://www.fbi.gov/contact-us/field-offices/sandiego/news/two-men-admit-pocketing-millions-in-donations-from-petco-park-and-snapdragon-stadium-meant-for-charity,"Wed, 11 Mar 2026 17:30:00 +0000",https://www.fbi.gov/feeds/fbi-in-the-news/rss.xml,rss,
West Columbia Man Sentenced to 21 Years in Federal Prison for Production of Child Sexual Abuse Material,https://www.fbi.gov/contact-us/field-offices/columbia/news/west-columbia-man-sentenced-to-21-years-in-federal-prison-for-production-of-child-sexual-abuse-material,"Wed, 11 Mar 2026 17:00:00 +0000",https://www.fbi.gov/feeds/fbi-in-the-news/rss.xml,rss,
Rockland County Man Pleads Guilty to Defrauding Investors in Investment Scheme,https://www.fbi.gov/contact-us/field-offices/newyork/news/rockland-county-man-pleads-guilty-to-defrauding-investors-in-investment-scheme,"Wed, 11 Mar 2026 17:00:00 +0000",https://www.fbi.gov/feeds/fbi-in-the-news/rss.xml,rss,
Anchorage Man Sentenced to Over 13 Years for Role in Alaska Drug Trafficking Conspiracy,https://www.fbi.gov/contact-us/field-offices/anchorage/news/anchorage-man-sentenced-to-over-13-years-for-role-in-alaska-drug-trafficking-conspiracy,"Wed, 11 Mar 2026 17:00:00 +0000",https://www.fbi.gov/feeds/fbi-in-the-news/rss.xml,rss,
Jamestown Man Pleads Guilty to Multiple Sex Trafficking Charges and Drug Conspiracy,https://www.fbi.gov/contact-us/field-offices/buffalo/news/jamestown-man-pleads-guilty-to-multiple-sex-trafficking-charges-and-drug-conspiracy,"Wed, 11 Mar 2026 17:00:00 +0000",https://www.fbi.gov/feeds/fbi-in-the-news/rss.xml,rss,
"Jurors Convict Former Missouri Police Officer of Civil Rights Violation, Other Charges",https://www.fbi.gov/contact-us/field-offices/stlouis/news/jurors-convict-former-missouri-police-officer-of-civil-rights-violation-other-charges,"Wed, 11 Mar 2026 17:00:00 +0000",https://www.fbi.gov/feeds/fbi-in-the-news/rss.xml,rss,
Stafford Man Sentenced to Life in Prison for Child Sexual Abuse Crimes He Committed While on Supervised Release for Previous Convictions,https://www.fbi.gov/contact-us/field-offices/washingtondc/news/stafford-man-sentenced-to-life-in-prison-for-child-sexual-abuse-crimes-he-committed-while-on-supervised-release-for-previous-convictions,"Wed, 11 Mar 2026 16:30:00 +0000",https://www.fbi.gov/feeds/fbi-in-the-news/rss.xml,rss,
Las Cruces Man Sentenced for Possessing Stolen Handgun While Under Felony Indictment,https://www.fbi.gov/contact-us/field-offices/albuquerque/news/las-cruces-man-sentenced-for-possessing-stolen-handgun-while-under-felony-indictment,"Wed, 11 Mar 2026 16:30:00 +0000",https://www.fbi.gov/feeds/fbi-in-the-news/rss.xml,rss,
Roanoke Woman Sentenced in Paycheck Protection Fraud Scheme,https://www.fbi.gov/contact-us/field-offices/richmond/news/roanoke-woman-sentenced-in-paycheck-protection-fraud-scheme,"Wed, 11 Mar 2026 16:00:00 +0000",https://www.fbi.gov/feeds/fbi-in-the-news/rss.xml,rss,
Two MS-13 Members Sentenced to 55 and 48 Years in Prison for Committing Two Murders in Queens,https://www.fbi.gov/contact-us/field-offices/newyork/news/two-ms-13-members-sentenced-to-55-and-48-years-in-prison-for-committing-two-murders-in-queens,"Wed, 11 Mar 2026 16:00:00 +0000",https://www.fbi.gov/feeds/fbi-in-the-news/rss.xml,rss,
"Honolulu Man Convicted of Child Exploitation Offenses, Including Production of Child Pornography and Sex Trafficking of Children",https://www.fbi.gov/contact-us/field-offices/honolulu/news/honolulu-man-convicted-child-exploitation-offenses-including-production-child,"Wed, 11 Mar 2026 15:30:00 +0000",https://www.fbi.gov/feeds/fbi-in-the-news/rss.xml,rss,
"Federal Grand Jury Returns 39 Count Indictment Charging Tonawanda Man with Production, Distribution and Possession of Child Pornography, and Traveling Across State Lines to Have Sex with a Minor Victim",https://www.fbi.gov/contact-us/field-offices/buffalo/news/federal-grand-jury-returns-39-count-indictment-charging-tonawanda-man-with-production-distribution-and-possession-of-child-pornography-and-traveling-across-state-lines-to-have-sex-with-a-minor-victim,"Wed, 11 Mar 2026 15:30:00 +0000",https://www.fbi.gov/feeds/fbi-in-the-news/rss.xml,rss,
Registered Sex Offender Sentenced to 15 Years in Federal Prison for Child Pornography Offense,https://www.fbi.gov/contact-us/field-offices/seattle/news/registered-sex-offender-sentenced-to-15-years-in-federal-prison-for-child-pornography-offense,"Wed, 11 Mar 2026 15:00:00 +0000",https://www.fbi.gov/feeds/fbi-in-the-news/rss.xml,rss,
Former Florissant Police Officer Sentenced to 24 Months in Prison for Searching Women’s Phones for Nude Images,https://www.fbi.gov/contact-us/field-offices/stlouis/news/former-florissant-police-officer-sentenced-to-24-months-in-prison-for-searching-womens-phones-for-nude-images,"Wed, 11 Mar 2026 15:00:00 +0000",https://www.fbi.gov/feeds/fbi-in-the-news/rss.xml,rss,
Prior Felon Pleads Guilty to Selling Adulterated Animal Drugs,https://www.fbi.gov/contact-us/field-offices/jacksonville/news/prior-felon-pleads-guilty-to-selling-adulterated-animal-drugs,"Wed, 11 Mar 2026 14:30:00 +0000",https://www.fbi.gov/feeds/fbi-in-the-news/rss.xml,rss,
Federal Inmate Sentenced for Threatening Bureau of Prisons Administrator,https://www.fbi.gov/contact-us/field-offices/houston/news/federal-inmate-sentenced-for-threatening-bureau-of-prisons-administrator,"Wed, 11 Mar 2026 14:30:00 +0000",https://www.fbi.gov/feeds/fbi-in-the-news/rss.xml,rss,
Federal Jury Convicts Inmate Serving Life Sentence in Violent Kidnaping of Rideshare Driver During Escape from Georgia Custody,https://www.fbi.gov/contact-us/field-offices/miami/news/federal-jury-convicts-inmate-serving-life-sentence-in-violent-kidnaping-of-rideshare-driver-during-escape-from-georgia-custody,"Wed, 11 Mar 2026 14:30:00 +0000",https://www.fbi.gov/feeds/fbi-in-the-news/rss.xml,rss,
Arizona Woman Pleads Guilty to Federal Assault Charges in Drunk Driving Crash,https://www.fbi.gov/contact-us/field-offices/albuquerque/news/arizona-woman-pleads-guilty-to-federal-assault-charges-in-drunk-driving-crash,"Wed, 11 Mar 2026 14:00:00 +0000",https://www.fbi.gov/feeds/fbi-in-the-news/rss.xml,rss,
Muskegon Man Involved in Shooting Sentenced to 15 Years in Prison,https://www.fbi.gov/contact-us/field-offices/detroit/news/muskegon-man-involved-in-shooting-sentenced-to-15-years-in-prison,"Wed, 11 Mar 2026 13:00:00 +0000",https://www.fbi.gov/feeds/fbi-in-the-news/rss.xml,rss,
Michigan Man Sentenced for Wire Fraud and Aggravated Identity Theft Charges,https://www.fbi.gov/contact-us/field-offices/minneapolis/news/michigan-man-sentenced-for-wire-fraud-and-aggravated-identity-theft-charges,"Wed, 11 Mar 2026 13:00:00 +0000",https://www.fbi.gov/feeds/fbi-in-the-news/rss.xml,rss,
"Former Nye County Commissioner Indicted for COVID-19 Relief Fraud Totaling More Than $500,000",https://www.fbi.gov/contact-us/field-offices/lasvegas/news/former-nye-county-commissioner-indicted-for-covid-19-relief-fraud-totaling-more-than-500000,"Wed, 11 Mar 2026 12:00:00 +0000",https://www.fbi.gov/feeds/fbi-in-the-news/rss.xml,rss,
Berks County Man Indicted for Possessing Contraband in Prison,https://www.fbi.gov/contact-us/field-offices/philadelphia/news/berks-county-man-indicted-for-possessing-contraband-in-prison,"Wed, 11 Mar 2026 07:30:00 +0000",https://www.fbi.gov/feeds/fbi-in-the-news/rss.xml,rss,
Philadelphia Man Sentenced to 15 Years in Prison for Violent Home Invasion Robbery,https://www.fbi.gov/contact-us/field-offices/philadelphia/news/philadelphia-man-sentenced-to-15-years-in-prison-for-violent-home-invasion-robbery,"Wed, 11 Mar 2026 07:30:00 +0000",https://www.fbi.gov/feeds/fbi-in-the-news/rss.xml,rss,
New Orleans Man Indicted for Federal Drug Trafficking and Firearms Offenses,https://www.fbi.gov/contact-us/field-offices/neworleans/news/new-orleans-man-indicted-for-federal-drug-trafficking-and-firearms-offenses,"Wed, 11 Mar 2026 07:00:00 +0000",https://www.fbi.gov/feeds/fbi-in-the-news/rss.xml,rss,
"Delaware County Woman Sentenced for Carjacking, Shooting at Victim, and Fleeing with Infant in Stolen SUV",https://www.fbi.gov/contact-us/field-offices/philadelphia/news/delaware-county-woman-sentenced-for-carjacking-shooting-at-victim-and-fleeing-with-infant-in-stolen-suv,"Wed, 11 Mar 2026 07:00:00 +0000",https://www.fbi.gov/feeds/fbi-in-the-news/rss.xml,rss,
Chinese National Pleads Guilty to Money Laundering,https://www.fbi.gov/contact-us/field-offices/albany/news/chinese-national-pleads-guilty-to-money-laundering,"Wed, 11 Mar 2026 06:00:00 +0000",https://www.fbi.gov/feeds/fbi-in-the-news/rss.xml,rss,
New York Woman Pleads Guilty to Mail Fraud,https://www.fbi.gov/contact-us/field-offices/billings/news/new-york-woman-pleads-guilty-to-mail-fraud,"Tue, 10 Mar 2026 18:30:00 +0000",https://www.fbi.gov/feeds/fbi-in-the-news/rss.xml,rss,
Mexican National Pleads Guilty to Racketeering Conspiracy Involving the Forced Labor of Mexican Workers,https://www.fbi.gov/contact-us/field-offices/tampa/news/mexican-national-pleads-guilty-to-racketeering-conspiracy-involving-the-forced-labor-of-mexican-workers,"Tue, 10 Mar 2026 18:00:00 +0000",https://www.fbi.gov/feeds/fbi-in-the-news/rss.xml,rss,
Hartford Man Sentenced to Five Years in Federal Prison for Drug Trafficking Offenses,https://www.fbi.gov/contact-us/field-offices/newhaven/news/hartford-man-sentenced-to-five-years-in-federal-prison-for-drug-trafficking-offenses,"Tue, 10 Mar 2026 18:00:00 +0000",https://www.fbi.gov/feeds/fbi-in-the-news/rss.xml,rss,
Sacramento Woman Pleads Guilty to Fraudulent Investment Scheme,https://www.fbi.gov/contact-us/field-offices/sacramento/news/sacramento-woman-pleads-guilty-to-fraudulent-investment-scheme,"Tue, 10 Mar 2026 17:30:00 +0000",https://www.fbi.gov/feeds/fbi-in-the-news/rss.xml,rss,
Individual in Stanislaus County Fentanyl and Firearm Trafficking Ring Sentenced to Over 11 Years in Prison,https://www.fbi.gov/contact-us/field-offices/sacramento/news/individual-in-stanislaus-county-fentanyl-and-firearm-trafficking-ring-sentenced-to-over-11-years-in-prison,"Tue, 10 Mar 2026 17:30:00 +0000",https://www.fbi.gov/feeds/fbi-in-the-news/rss.xml,rss,
Florida Man Arrested for Stealing More Than Half a Million Dollars of Onions and Potatoes,https://www.fbi.gov/contact-us/field-offices/tampa/news/florida-man-arrested-for-stealing-more-than-half-a-million-dollars-of-onions-and-potatoes,"Tue, 10 Mar 2026 17:30:00 +0000",https://www.fbi.gov/feeds/fbi-in-the-news/rss.xml,rss,
Bridgeport Man Sentenced to Five Years in Federal Prison for Trafficking Fentanyl,https://www.fbi.gov/contact-us/field-offices/newhaven/news/bridgeport-man-sentenced-to-5-years-in-federal-prison-for-trafficking-fentanyl,"Tue, 10 Mar 2026 17:30:00 +0000",https://www.fbi.gov/feeds/fbi-in-the-news/rss.xml,rss,
St. Louis Area Fentanyl and Methamphetamine Distributor Sentenced to 19 Years in Prison,https://www.fbi.gov/contact-us/field-offices/stlouis/news/st-louis-area-fentanyl-and-methamphetamine-distributor-sentenced-to-19-years-in-prison,"Tue, 10 Mar 2026 17:00:00 +0000",https://www.fbi.gov/feeds/fbi-in-the-news/rss.xml,rss,
Federal Charges Filed in Fatal Houston Heights Carjacking and Shooting,https://www.fbi.gov/contact-us/field-offices/houston/news/federal-charges-filed-in-fatal-houston-heights-carjacking-and-shooting,"Tue, 10 Mar 2026 16:30:00 +0000",https://www.fbi.gov/feeds/fbi-in-the-news/rss.xml,rss,
Second Man Charged with Murder Relating to Methamphetamine Trafficking,https://www.fbi.gov/contact-us/field-offices/honolulu/news/second-man-charged-with-murder-relating-to-methamphetamine-trafficking,"Tue, 10 Mar 2026 16:30:00 +0000",https://www.fbi.gov/feeds/fbi-in-the-news/rss.xml,rss,
California Man Sentenced to Over Five Years in Federal Prison for Multimillion-Dollar Fraud Scheme Targeting More Than a Dozen Victims,https://www.fbi.gov/contact-us/field-offices/honolulu/news/california-man-sentenced-over-5-years-federal-prison-multimillion-dollar-fraud-scheme,"Tue, 10 Mar 2026 16:30:00 +0000",https://www.fbi.gov/feeds/fbi-in-the-news/rss.xml,rss,
West Mifflin Felon Charged with Unlawful Possession of Ammunition,https://www.fbi.gov/contact-us/field-offices/pittsburgh/news/west-mifflin-felon-charged-unlawful-possession-ammunition,"Tue, 10 Mar 2026 15:30:00 +0000",https://www.fbi.gov/feeds/fbi-in-the-news/rss.xml,rss,
Maryland Woman Sentenced for Laundering Funds Stolen From Fraud Schemes,https://www.fbi.gov/contact-us/field-offices/baltimore/news/maryland-woman-sentenced-for-laundering-funds-stolen-from-fraud-schemes,"Tue, 10 Mar 2026 15:00:00 +0000",https://www.fbi.gov/feeds/fbi-in-the-news/rss.xml,rss,
Former Restauranteur Sentenced to 30 Months in Prison for Defrauding Elderly Victim,https://www.fbi.gov/contact-us/field-offices/seattle/news/former-restauranteur-sentenced-to-30-months-in-prison-for-defrauding-elderly-victim,"Tue, 10 Mar 2026 14:30:00 +0000",https://www.fbi.gov/feeds/fbi-in-the-news/rss.xml,rss,
Fraudster Sentenced to Federal Prison for COVID-19 and Bankruptcy Schemes,https://www.fbi.gov/contact-us/field-offices/jacksonville/news/fraudster-sentenced-to-federal-prison-for-covid--bankruptcy-schemes,"Tue, 10 Mar 2026 14:30:00 +0000",https://www.fbi.gov/feeds/fbi-in-the-news/rss.xml,rss,
South Florida Tax Preparer and Two Others Sentenced for Conspiring to Defraud COVID-19 Relief Program,https://www.fbi.gov/contact-us/field-offices/miami/news/south-florida-tax-preparer-and-two-others-sentenced-for-conspiring-to-defraud-covid-19-relief-program,"Tue, 10 Mar 2026 14:00:00 +0000",https://www.fbi.gov/feeds/fbi-in-the-news/rss.xml,rss,
Michigan Man Sentenced for Role in Cocaine Trafficking Organization,https://www.fbi.gov/contact-us/field-offices/pittsburgh/news/michigan-man-sentenced-for-role-in-cocaine-trafficking-organization,"Tue, 10 Mar 2026 13:30:00 +0000",https://www.fbi.gov/feeds/fbi-in-the-news/rss.xml,rss,
Pittsburgh Felon Pleads Guilty to Failing to Surrender for 10-Year Term of Imprisonment and Distributing Fentanyl and Heroin While a Fugitive,https://www.fbi.gov/contact-us/field-offices/pittsburgh/news/pittsburgh-felon-pleads-guilty-failing-surrender-10-year-term-imprisonment-and,"Tue, 10 Mar 2026 13:30:00 +0000",https://www.fbi.gov/feeds/fbi-in-the-news/rss.xml,rss,
Green Township Man Sentenced to Two Years in Prison for Constructing Pipe Bombs,https://www.fbi.gov/contact-us/field-offices/cincinnati/news/green-township-man-sentenced-to-two-years-in-prison-for-constructing-pipe-bombs,"Tue, 10 Mar 2026 11:00:00 +0000",https://www.fbi.gov/feeds/fbi-in-the-news/rss.xml,rss,
Former Gastonia Police Officer Sentenced to Prison for Straw Purchasing a Firearm,https://www.fbi.gov/contact-us/field-offices/charlotte/news/former-gastonia-police-officer-sentenced-to-prison-for-straw-purchasing-a-firearm,"Tue, 10 Mar 2026 11:00:00 +0000",https://www.fbi.gov/feeds/fbi-in-the-news/rss.xml,rss,
Zuni Man Pleads Guilty to Manslaughter,https://www.fbi.gov/contact-us/field-offices/albuquerque/news/zuni-man-pleads-guilty-manslaughter,"Tue, 10 Mar 2026 10:46:00 +0000",https://www.fbi.gov/feeds/fbi-in-the-news/rss.xml,rss,
Reward Increases to $1 Million for FBI’s Ten Most Wanted Fugitive Bhadreshkumar Patel,https://www.fbi.gov/contact-us/field-offices/baltimore/news/reward-increases-to-1-million-for-fbis-ten-most-wanted-fugitive-bhadreshkumar-patel,"Tue, 10 Mar 2026 09:00:00 +0000",https://www.fbi.gov/feeds/fbi-in-the-news/rss.xml,rss,
Raleigh Man Arrested for Child Sexual Exploitation,https://www.fbi.gov/contact-us/field-offices/charlotte/news/raleigh-man-arrested-for-child-sexual-exploitation,"Tue, 10 Mar 2026 07:30:00 +0000",https://www.fbi.gov/feeds/fbi-in-the-news/rss.xml,rss,
"Binghamton Man Charged for Threats to President, ICE Agents",https://www.fbi.gov/contact-us/field-offices/albany/news/binghamton-man-charged-for-threats-to-president-ice-agents,"Tue, 10 Mar 2026 07:00:00 +0000",https://www.fbi.gov/feeds/fbi-in-the-news/rss.xml,rss,
Two Former NYPD Officers Charged with Federal Civil Rights Violations,https://www.fbi.gov/contact-us/field-offices/newyork/news/two-former-nypd-officers-charged-with-federal-civil-rights-violations,"Tue, 10 Mar 2026 06:30:00 +0000",https://www.fbi.gov/feeds/fbi-in-the-news/rss.xml,rss,
Swiss Businessman Extradited to the United States Pleads Guilty to International Securities Fraud Scheme,https://www.fbi.gov/contact-us/field-offices/lasvegas/news/swiss-businessman-extradited-to-the-united-states-pleads-guilty-to-international-securities-fraud-scheme,"Tue, 10 Mar 2026 06:00:00 +0000",https://www.fbi.gov/feeds/fbi-in-the-news/rss.xml,rss,
"Samuel Ramirez Jr. Wanted for 2023 Double Murder in Federal Way, Washington, Added to FBI's Ten Most Wanted Fugitives List",https://www.fbi.gov/contact-us/field-offices/seattle/news/samuel-ramirez-jr-wanted-for-2023-double-murder-in-federal-way-wa-added-to-fbis-ten-most-wanted-fugitives-list,"Tue, 10 Mar 2026 06:00:00 +0000",https://www.fbi.gov/feeds/fbi-in-the-news/rss.xml,rss,
Four Houston Gang Members Guilty of Conspiracy to Commit Bank Robberies and Juggings,https://www.fbi.gov/contact-us/field-offices/houston/news/four-houston-gang-members-guilty-conspiracy-commit-bank-robberies-and-juggings,"Mon, 09 Mar 2026 19:30:00 +0000",https://www.fbi.gov/feeds/fbi-in-the-news/rss.xml,rss,
DC Solar Attorney Sentenced to Over 11 Years in Prison for His Involvement in the DC Solar Billion Dollar Ponzi Scheme,https://www.fbi.gov/contact-us/field-offices/sacramento/news/dc-solar-attorney-sentenced-to-over-11-years-in-prison-for-his-involvement-in-the-dc-solar-billion-dollar-ponzi-scheme,"Mon, 09 Mar 2026 17:30:00 +0000",https://www.fbi.gov/feeds/fbi-in-the-news/rss.xml,rss,
Lancaster County Felons Sentenced to Federal Prison in Separate Cases,https://www.fbi.gov/contact-us/field-offices/columbia/news/lancaster-county-felons-sentenced-to-federal-prison-in-separate-cases,"Mon, 09 Mar 2026 17:00:00 +0000",https://www.fbi.gov/feeds/fbi-in-the-news/rss.xml,rss,
Chinese Telecommunications Company Fined $50 Million for Conspiring to Steal Technology from Motorola Solutions,https://www.fbi.gov/contact-us/field-offices/chicago/news/chinese-telecommunications-company-fined-50-million-for-conspiring-to-steal-technology-from-motorola-solutions,"Mon, 09 Mar 2026 16:30:00 +0000",https://www.fbi.gov/feeds/fbi-in-the-news/rss.xml,rss,
Savani Group Owners and Associate Convicted of Racketeering Conspiracy,https://www.fbi.gov/contact-us/field-offices/philadelphia/news/savani-group-owners-and-associate-convicted-of-racketeering-conspiracy,"Mon, 09 Mar 2026 16:30:00 +0000",https://www.fbi.gov/feeds/fbi-in-the-news/rss.xml,rss,
South Charleston Woman Sentenced to Prison for Role in Kanawha County Drug Trafficking Organization,https://www.fbi.gov/contact-us/field-offices/pittsburgh/news/south-charleston-woman-sentenced-to-prison-for-role-in-kanawha-county-drug-trafficking-organization,"Mon, 09 Mar 2026 15:07:00 +0000",https://www.fbi.gov/feeds/fbi-in-the-news/rss.xml,rss,
Par Funding Pleads Guilty to Defrauding Investors,https://www.fbi.gov/contact-us/field-offices/philadelphia/news/par-funding-pleads-guilty-to-defrauding-investors,"Mon, 09 Mar 2026 14:30:00 +0000",https://www.fbi.gov/feeds/fbi-in-the-news/rss.xml,rss,
FBI’s Operation No Escape Leads to Arrest of Violent Fugitive,https://www.fbi.gov/contact-us/field-offices/indianapolis/news/fbis-operation-no-escape-leads-to-arrest-of-violent-fugitive-1,"Mon, 09 Mar 2026 14:19:00 +0000",https://www.fbi.gov/feeds/fbi-in-the-news/rss.xml,rss,
Owner of Durable Medical Equipment Company Sentenced for $59M Medicare Fraud,https://www.fbi.gov/contact-us/field-offices/houston/news/owner-of-durable-medical-equipment-company-sentenced-for-59m-medicare-fraud,"Mon, 09 Mar 2026 14:11:00 +0000",https://www.fbi.gov/feeds/fbi-in-the-news/rss.xml,rss,
"Former St. Louis Lawyer Sentenced to 21 Months in Prison for $379,900 Pandemic Fraud",https://www.fbi.gov/contact-us/field-offices/stlouis/news/former-st-louis-lawyer-sentenced-to-21-months-in-prison-for-379900-pandemic-fraud,"Mon, 09 Mar 2026 14:00:00 +0000",https://www.fbi.gov/feeds/fbi-in-the-news/rss.xml,rss,
"Psychiatrist Reaches Civil Settlement of $360,000 to Resolve Allegations of False Claims to Federal Health Care Programs",https://www.fbi.gov/contact-us/field-offices/stlouis/news/psychiatrist-reaches-civil-settlement-of-360000-to-resolve-allegations-of-false-claims-to-federal-health-care-programs,"Mon, 09 Mar 2026 14:00:00 +0000",https://www.fbi.gov/feeds/fbi-in-the-news/rss.xml,rss,
Georgia Man Charged with Transmitting Threat to South Florida Victim,https://www.fbi.gov/contact-us/field-offices/miami/news/georgia-man-charged-with-transmitting-threat-to-south-florida-victim,"Mon, 09 Mar 2026 14:00:00 +0000",https://www.fbi.gov/feeds/fbi-in-the-news/rss.xml,rss,
Bristol Man Sentenced to More Than 11 Years in Federal Prison for Trafficking Narcotics From New Britain Car Dealership,https://www.fbi.gov/contact-us/field-offices/newhaven/news/bristol-man-sentenced-to-more-than-11-years-in-federal-prison-for-trafficking-narcotics-from-new-britain-car-dealership,"Mon, 09 Mar 2026 13:00:00 +0000",https://www.fbi.gov/feeds/fbi-in-the-news/rss.xml,rss,
March Federal Grand Jury 2026-A Indictments Announced,https://www.fbi.gov/contact-us/field-offices/oklahomacity/news/march-federal-grand-jury-2026-a-indictments-announced,"Mon, 09 Mar 2026 12:00:00 +0000",https://www.fbi.gov/feeds/fbi-in-the-news/rss.xml,rss,
"Ohio Man Charged with Stalking, Making Threatening Communications, and Submitting False Reports to the FBI",https://www.fbi.gov/contact-us/field-offices/cleveland/news/ohio-man-charged-with-stalking-making-threatening-communications-and-submitting-false-reports-to-the-fbi,"Mon, 09 Mar 2026 11:00:00 +0000",https://www.fbi.gov/feeds/fbi-in-the-news/rss.xml,rss,
Iranian Intelligence Agent Convicted of Terrorism and Murder for Hire in Connection with Foiled Plot to Assassinate U.S. Politicians and Government Officials,https://www.fbi.gov/news/press-releases/iranian-intelligence-agent-convicted-of-terrorism-and-murder-for-hire-in-connection-with-foiled-plot-to-assassinate-us-politicians-and-government-officials,"Mon, 09 Mar 2026 10:02:00 +0000",https://www.fbi.gov/feeds/fbi-in-the-news/rss.xml,rss,
FBI Releases New Guidance to Help Health Care Organizations Prevent Targeted Violence,https://www.fbi.gov/news/press-releases/fbi-releases-new-guidance-to-help-health-care-organizations-prevent-targeted-violence,"Mon, 09 Mar 2026 10:00:00 +0000",https://www.fbi.gov/feeds/fbi-in-the-news/rss.xml,rss,
FBI Washington Field Office Statement on the 19th Anniversary of the Abduction of Robert A. Levinson,https://www.fbi.gov/contact-us/field-offices/washingtondc/news/fbi-washington-field-office-statement-on-the-19th-anniversary-of-the-abduction-of-robert-a-levinson,"Mon, 09 Mar 2026 09:47:00 +0000",https://www.fbi.gov/feeds/fbi-in-the-news/rss.xml,rss,
Two ISIS Supporters Charged with Attempting to Detonate Explosive Devices During Protests Outside Gracie Mansion,https://www.fbi.gov/news/press-releases/two-isis-supporters-charged-with-attempting-to-detonate-explosive-devices-during-protests-outside-gracie-mansion,"Mon, 09 Mar 2026 08:00:00 +0000",https://www.fbi.gov/feeds/fbi-in-the-news/rss.xml,rss,
"Jalen Smith Pleads Guilty to Bribery and Point-Shaving Scheme to Fix NCAA, CBA Men’s Basketball Games",https://www.fbi.gov/contact-us/field-offices/philadelphia/news/jalen-smith-pleads-guilty-to-bribery-and-point-shaving-scheme-to-fix-ncaa-cba-mens-basketball-games-1,"Mon, 09 Mar 2026 07:30:00 +0000",https://www.fbi.gov/feeds/fbi-in-the-news/rss.xml,rss,
U.S. Attorney’s Office Begins March with 187 New Immigration Cases in Western District of Texas,https://www.fbi.gov/contact-us/field-offices/sanantonio/news/us-attorneys-office-begins-march-with-187-new-immigration-cases-in-western-district-of-texas,"Mon, 09 Mar 2026 07:00:00 +0000",https://www.fbi.gov/feeds/fbi-in-the-news/rss.xml,rss,
Nantucket Gang Associate Sentenced to Prison for Dealing Fentanyl and Cocaine in Nantucket and Elsewhere,https://www.fbi.gov/contact-us/field-offices/boston/news/nantucket-gang-associate-sentenced-to-prison-for-dealing-fentanyl-and-cocaine-in-nantucket-and-elsewhere,"Mon, 09 Mar 2026 07:00:00 +0000",https://www.fbi.gov/feeds/fbi-in-the-news/rss.xml,rss,
Arlington Man Pleads Guilty to Drug Conspiracy,https://www.fbi.gov/contact-us/field-offices/boston/news/arlington-man-pleads-guilty-to-drug-conspiracy,"Mon, 09 Mar 2026 07:00:00 +0000",https://www.fbi.gov/feeds/fbi-in-the-news/rss.xml,rss,
Former Quincy Official Pleads Guilty to Embezzling City Funds,https://www.fbi.gov/contact-us/field-offices/boston/news/former-quincy-official-pleads-guilty-to-embezzling-city-funds,"Mon, 09 Mar 2026 07:00:00 +0000",https://www.fbi.gov/feeds/fbi-in-the-news/rss.xml,rss,
"Statement of U.S. Attorney Jay Clayton on the Convictions of Alon, Oren, and Tal Alexander",https://www.fbi.gov/contact-us/field-offices/newyork/news/statement-of-us-attorney-jay-clayton-on-the-convictions-of-alon-oren-and-tal-alexander,"Mon, 09 Mar 2026 06:30:00 +0000",https://www.fbi.gov/feeds/fbi-in-the-news/rss.xml,rss,
Chiropractor Sentenced to 43 Months in Prison for $14.9 Million Health Care Fraud and Kickback Scheme Related to Durable Medical Equipment and Cancer Genetic Testing,https://www.fbi.gov/contact-us/field-offices/newark/news/chiropractor-sentenced-to-43-months-in-prison-for-149-million-health-care-fraud-and-kickback-scheme-related-to-durable-medical-equipment-and-cancer-genetic-testing,"Mon, 09 Mar 2026 06:00:00 +0000",https://www.fbi.gov/feeds/fbi-in-the-news/rss.xml,rss,
Final Defendant Sentenced to Federal Prison for Methamphetamine Trafficking Operation,https://www.fbi.gov/contact-us/field-offices/louisville/news/final-defendant-sentenced-to-federal-prison-for-methamphetamine-trafficking-operation,"Mon, 09 Mar 2026 06:00:00 +0000",https://www.fbi.gov/feeds/fbi-in-the-news/rss.xml,rss,
Memphis Man Pleads Guilty to Possessing Waterpiks Stolen From Interstate Shipment,https://www.fbi.gov/contact-us/field-offices/nashville/news/memphis-man-pleads-guilty-to-possessing-waterpiks-stolen-from-interstate-shipment,"Fri, 06 Mar 2026 17:30:00 +0000",https://www.fbi.gov/feeds/fbi-in-the-news/rss.xml,rss,
"Tampa Man Indicted for Attempted Production, Receipt, and Transfer of Obscene Material to a Minor",https://www.fbi.gov/contact-us/field-offices/tampa/news/tampa-man-indicted-for-attempted-production-receipt-and-transfer-of-obscene-material-to-a-minor,"Fri, 06 Mar 2026 17:30:00 +0000",https://www.fbi.gov/feeds/fbi-in-the-news/rss.xml,rss,
Three Individuals Sentenced for Attempted Armed Robbery,https://www.fbi.gov/contact-us/field-offices/sanjuan/news/three-individuals-sentenced-for-attempted-armed-robbery,"Fri, 06 Mar 2026 17:00:00 +0000",https://www.fbi.gov/feeds/fbi-in-the-news/rss.xml,rss,
Harrisburg Man Sentenced to Prison for Selling Cocaine,https://www.fbi.gov/contact-us/field-offices/philadelphia/news/harrisburg-man-sentenced-to-prison-for-selling-cocaine,"Fri, 06 Mar 2026 17:00:00 +0000",https://www.fbi.gov/feeds/fbi-in-the-news/rss.xml,rss,
Monroe County Man Sentenced to 15 Years’ Imprisonment for Drug Trafficking,https://www.fbi.gov/contact-us/field-offices/philadelphia/news/monroe-county-man-sentenced-to-15-years-imprisonment-for-drug-trafficking,"Fri, 06 Mar 2026 17:00:00 +0000",https://www.fbi.gov/feeds/fbi-in-the-news/rss.xml,rss,
Kansas Doctor Sentenced to Three Years in Prison for $8 Million Medicare Fraud,https://www.fbi.gov/contact-us/field-offices/stlouis/news/kansas-doctor-sentenced-to-three-years-in-prison-for-8-million-medicare-fraud,"Fri, 06 Mar 2026 16:33:00 +0000",https://www.fbi.gov/feeds/fbi-in-the-news/rss.xml,rss,
Indiana Youth Minister Linked to Imprisoned Kentucky School Superintendent Sentenced to Nine Years in Federal Prison for Child Exploitation,https://www.fbi.gov/contact-us/field-offices/indianapolis/news/indiana-youth-minister-linked-to-imprisoned-kentucky-school-superintendent-sentenced-to-nine-years-in-federal-prison-for-child-exploitation,"Fri, 06 Mar 2026 16:30:00 +0000",https://www.fbi.gov/feeds/fbi-in-the-news/rss.xml,rss,
Biloxi Man Sentenced to 10 Years in Prison and a Lifetime of Supervised Release for Possession of Images of Minors Engaging in Sexually Explicit Conduct,https://www.fbi.gov/contact-us/field-offices/jackson/news/biloxi-man-sentenced-10-years-prison-and-lifetime-supervised-release-possession-images,"Fri, 06 Mar 2026 16:30:00 +0000",https://www.fbi.gov/feeds/fbi-in-the-news/rss.xml,rss,
Miami Developer Charged with $85 Million Fraud Scheme Used to Fund Luxury Yacht and Lifestyle,https://www.fbi.gov/contact-us/field-offices/miami/news/miami-developer-charged-with-85-million-fraud-scheme-used-to-fund-luxury-yacht-and-lifestyle,"Fri, 06 Mar 2026 16:30:00 +0000",https://www.fbi.gov/feeds/fbi-in-the-news/rss.xml,rss,
Leader of Colombian Drug Trafficking Organization Sentenced to More Than 17 Years in Prison for Conspiring to Traffic Cocaine Into the United States,https://www.fbi.gov/contact-us/field-offices/tampa/news/leader-of-colombian-drug-trafficking-organization-sentenced-to-more-than-17-years-in-prison-for-conspiring-to-traffic-cocaine-into-the-united-states,"Fri, 06 Mar 2026 16:30:00 +0000",https://www.fbi.gov/feeds/fbi-in-the-news/rss.xml,rss,
Kenosha Man Pleads Guilty to Threatening to Murder Federal Officer,https://www.fbi.gov/contact-us/field-offices/milwaukee/news/kenosha-man-pleads-guilty-to-threatening-to-murder-federal-officer,"Fri, 06 Mar 2026 16:30:00 +0000",https://www.fbi.gov/feeds/fbi-in-the-news/rss.xml,rss,
FBI Detroit Launches Operation Winter Shield Awareness Campaign,https://www.fbi.gov/contact-us/field-offices/detroit/news/fbi-detroit-launches-operation-winter-shield-awareness-campaign,"Fri, 06 Mar 2026 16:29:00 +0000",https://www.fbi.gov/feeds/fbi-in-the-news/rss.xml,rss,
Shreveport Man Indicted by Federal Grand Jury for Stalking and Threatening Speaker of the House of Representatives and Threatening President of the United States,https://www.fbi.gov/contact-us/field-offices/neworleans/news/shreveport-man-indicted-by-federal-grand-jury-for-stalking-and-threatening-speaker-of-the-house-of-representatives-and-threatening-president-of-the-united-states,"Fri, 06 Mar 2026 16:25:00 +0000",https://www.fbi.gov/feeds/fbi-in-the-news/rss.xml,rss,
"Jalen Smith Pleads Guilty to Bribery and Point-Shaving Scheme to Fix NCAA, CBA Men’s Basketball Games",https://www.fbi.gov/contact-us/field-offices/philadelphia/news/jalen-smith-pleads-guilty-to-bribery-and-point-shaving-scheme-to-fix-ncaa-cba-mens-basketball-games,"Fri, 06 Mar 2026 16:00:00 +0000",https://www.fbi.gov/feeds/fbi-in-the-news/rss.xml,rss,
United States Files Civil Forfeiture Complaints Against $15M in Funds Allegedly Linked to Iranian Oil Shipping Network,https://www.fbi.gov/news/press-releases/united-states-files-civil-forfeiture-complaints-against-15m-in-funds-allegedly-linked-to-iranian-oil-shipping-network,"Fri, 06 Mar 2026 15:30:00 +0000",https://www.fbi.gov/feeds/fbi-in-the-news/rss.xml,rss,
FBI Louisville Honors Children’s Advocacy Centers of Kentucky with National Award,https://www.fbi.gov/contact-us/field-offices/louisville/news/fbi-louisville-honors-childrens-advocacy-centers-of-kentucky-with-national-award,"Fri, 06 Mar 2026 15:24:00 +0000",https://www.fbi.gov/feeds/fbi-in-the-news/rss.xml,rss,
Previously Deported Mexican Drug Trafficker Sentenced in D.C. for Role in International Fentanyl Conspiracy,https://www.fbi.gov/contact-us/field-offices/washingtondc/news/previously-deported-mexican-drug-trafficker-sentenced-in-dc-for-role-in-international-fentanyl-conspiracy,"Fri, 06 Mar 2026 15:00:00 +0000",https://www.fbi.gov/feeds/fbi-in-the-news/rss.xml,rss,
Mexican National Residing in Georgia Sentenced to 120 Months for Attempted Coercion and Enticement of a Minor,https://www.fbi.gov/contact-us/field-offices/neworleans/news/mexican-national-residing-in-georgia-sentenced-to-120-months-for-attempted-coercion-and-enticement-of-a-minor,"Fri, 06 Mar 2026 14:40:00 +0000",https://www.fbi.gov/feeds/fbi-in-the-news/rss.xml,rss,
Billings Woman Pleads Guilty to Carjacking Resulting in Death,https://www.fbi.gov/contact-us/field-offices/billings/news/billings-woman-pleads-guilty-to-carjacking-resulting-in-death,"Fri, 06 Mar 2026 14:30:00 +0000",https://www.fbi.gov/feeds/fbi-in-the-news/rss.xml,rss,
Trumbull Man Admits Defrauding Amazon of More Than $3.5 Million,https://www.fbi.gov/contact-us/field-offices/newhaven/news/trumbull-man-admits-defrauding-amazon-of-more-than-35-million,"Fri, 06 Mar 2026 13:30:00 +0000",https://www.fbi.gov/feeds/fbi-in-the-news/rss.xml,rss,
Ghanaian National Sentenced to Four Years in Federal Prison for Defrauding UConn,https://www.fbi.gov/contact-us/field-offices/newhaven/news/ghanaian-national-sentenced-to-four-years-in-federal-prison-for-defrauding-uconn,"Fri, 06 Mar 2026 13:30:00 +0000",https://www.fbi.gov/feeds/fbi-in-the-news/rss.xml,rss,
FBI Provides Update on March 1 Austin Shooting Investigation,https://www.fbi.gov/contact-us/field-offices/sanantonio/news/fbi-provides-update-on-march-1-austin-shooting-investigation,"Fri, 06 Mar 2026 12:04:00 +0000",https://www.fbi.gov/feeds/fbi-in-the-news/rss.xml,rss,
Venezuelan Nationals Charged with ‘Jackpotting’ Scheme to Steal Cash From Bank ATMs,https://www.fbi.gov/contact-us/field-offices/oklahomacity/news/venezuelan-nationals-charged-with-jackpotting-scheme-to-steal-cash-from-bank-atms,"Fri, 06 Mar 2026 12:00:00 +0000",https://www.fbi.gov/feeds/fbi-in-the-news/rss.xml,rss,
Leader of Violent Jewelry Theft Ring Pleads Guilty Mid-Trial,https://www.fbi.gov/contact-us/field-offices/charlotte/news/leader-of-violent-jewelry-theft-ring-pleads-guilty-mid-trial,"Fri, 06 Mar 2026 11:00:00 +0000",https://www.fbi.gov/feeds/fbi-in-the-news/rss.xml,rss,
"Repeat Sex Offender Sentenced to 10 Years in Prison for Receipt, Distribution, and Possession of Child Sexual Abuse Materials",https://www.fbi.gov/contact-us/field-offices/cleveland/news/repeat-sex-offender-sentenced-to-10-years-in-prison-for-receipt-distribution-and-possession-of-child-sexual-abuse-materials,"Fri, 06 Mar 2026 11:00:00 +0000",https://www.fbi.gov/feeds/fbi-in-the-news/rss.xml,rss,
Providence Man Pleads Guilty to Filing False Tax Returns Related to Multimillion-Dollar Catalytic Converter Theft Scheme,https://www.fbi.gov/contact-us/field-offices/boston/news/providence-man-pleads-guilty-to-filing-false-tax-returns-related-to-multi-million-dollar-catalytic-converter-theft-scheme,"Fri, 06 Mar 2026 11:00:00 +0000",https://www.fbi.gov/feeds/fbi-in-the-news/rss.xml,rss,
Violent Wake County Felon Gets 15 Years in Federal Prison for Armed Bank Robbery,https://www.fbi.gov/contact-us/field-offices/charlotte/news/violent-wake-county-felon-gets-15-years-in-federal-prison-for-armed-bank-robbery,"Fri, 06 Mar 2026 10:30:00 +0000",https://www.fbi.gov/feeds/fbi-in-the-news/rss.xml,rss,
Alien Guilty of Using False Claim of Citizenship to Illegally Vote,https://www.fbi.gov/contact-us/field-offices/charlotte/news/alien-guilty-of-using-false-claim-of-citizenship-to-illegally-vote,"Fri, 06 Mar 2026 10:30:00 +0000",https://www.fbi.gov/feeds/fbi-in-the-news/rss.xml,rss,
"FBI Offers Reward of Up To $10,000 for Information About the Homicide of Yunique Puckett",https://www.fbi.gov/contact-us/field-offices/sandiego/news/fbi-offers-reward-of-up-to-10000-for-information-about-the-homicide-of-yunique-puckett,"Fri, 06 Mar 2026 07:52:00 +0000",https://www.fbi.gov/feeds/fbi-in-the-news/rss.xml,rss,
Ghanaian National Sentenced to Prison for Two Years for $1M Romance Scam,https://www.fbi.gov/contact-us/field-offices/washingtondc/news/ghanaian-national-sentenced-to-prison-for-two-years-for-1m-romance-scam,"Fri, 06 Mar 2026 07:30:00 +0000",https://www.fbi.gov/feeds/fbi-in-the-news/rss.xml,rss,
Illinois Man Sentenced to Two Years in Prison for Durable Medical Equipment Scheme,https://www.fbi.gov/contact-us/field-offices/boston/news/illinois-man-sentenced-to-two-years-in-prison-for-durable-medical-equipment-scheme,"Fri, 06 Mar 2026 07:30:00 +0000",https://www.fbi.gov/feeds/fbi-in-the-news/rss.xml,rss,
U.S. Attorney’s Office Filed 126 Border-Related Cases This Week,https://www.fbi.gov/contact-us/field-offices/sandiego/news/us-attorneys-office-filed-126-border-related-cases-this-week,"Fri, 06 Mar 2026 07:00:00 +0000",https://www.fbi.gov/feeds/fbi-in-the-news/rss.xml,rss,
"Another Week, Another Nearly 400 More Charged in SDTX’s Relentless Border-Enforcement Efforts",https://www.fbi.gov/contact-us/field-offices/houston/news/another-week-another-nearly-400-more-charged-in-sdtxs-relentless-border-enforcement-efforts,"Fri, 06 Mar 2026 06:30:00 +0000",https://www.fbi.gov/feeds/fbi-in-the-news/rss.xml,rss,
Illegal Alien Sentenced to 70 Months for Money Laundering and Firearms Offenses,https://www.fbi.gov/contact-us/field-offices/louisville/news/illegal-alien-sentenced-to-70-months-for-money-laundering-and-firearms-offenses,"Fri, 06 Mar 2026 06:30:00 +0000",https://www.fbi.gov/feeds/fbi-in-the-news/rss.xml,rss,
Kenton County Man Sentenced for Methamphetamine Trafficking,https://www.fbi.gov/contact-us/field-offices/louisville/news/kenton-county-man-sentenced-for-methamphetamine-trafficking,"Fri, 06 Mar 2026 06:30:00 +0000",https://www.fbi.gov/feeds/fbi-in-the-news/rss.xml,rss,
Convicted Felon Who Opened Fire on Abilene Police Officers Sentenced to 15 Years in Federal Prison,https://www.fbi.gov/contact-us/field-offices/dallas/news/convicted-felon-who-opened-fire-on-abilene-police-officers-sentenced-to-15-years-in-federal-prison,"Fri, 06 Mar 2026 06:00:00 +0000",https://www.fbi.gov/feeds/fbi-in-the-news/rss.xml,rss,
District of Arizona Charges 177 Individuals for Immigration-Related Criminal Conduct this Week,https://www.fbi.gov/contact-us/field-offices/phoenix/news/district-of-arizona-charges-177-individuals-for-immigration-related-criminal-conduct-this-week-1,"Fri, 06 Mar 2026 06:00:00 +0000",https://www.fbi.gov/feeds/fbi-in-the-news/rss.xml,rss,
"Bookkeeper Sentenced to 33 Months in Prison for Embezzling $580,000 From Church",https://www.fbi.gov/contact-us/field-offices/stlouis/news/bookkeeper-sentenced-to-33-months-in-prison-for-embezzling-580000-from-church,"Fri, 06 Mar 2026 06:00:00 +0000",https://www.fbi.gov/feeds/fbi-in-the-news/rss.xml,rss,
Vance Woman Charged with Embezzling More Than $10 Million From Former Employer,https://www.fbi.gov/contact-us/field-offices/birmingham/vance-woman-charged-with-embezzling-more-than-10-million-from-former-employer,"Thu, 05 Mar 2026 17:30:00 +0000",https://www.fbi.gov/feeds/fbi-in-the-news/rss.xml,rss,
Man Pleads Guilty for Conspiracy to Distribute 900 Pounds of Methamphetamine and Illegal Reentry,https://www.fbi.gov/contact-us/field-offices/minneapolis/news/man-pleads-guilty-for-conspiracy-to-distribute-900-pounds-of-methamphetamine-and-illegal-reentry,"Thu, 05 Mar 2026 17:30:00 +0000",https://www.fbi.gov/feeds/fbi-in-the-news/rss.xml,rss,
Valparaiso Man Sentenced to 87 Months in Prison,https://www.fbi.gov/contact-us/field-offices/indianapolis/news/valparaiso-man-sentenced-to-87-months-in-prison,"Thu, 05 Mar 2026 17:30:00 +0000",https://www.fbi.gov/feeds/fbi-in-the-news/rss.xml,rss,
Convicted Felon Discharges Gun Inside Apartment Building,https://www.fbi.gov/contact-us/field-offices/nashville/news/convicted-felon-discharges-gun-inside-apartment-building,"Thu, 05 Mar 2026 17:30:00 +0000",https://www.fbi.gov/feeds/fbi-in-the-news/rss.xml,rss,
California Attorney Guilty of Federal Contempt Charge for Failing to Ensure Distribution of Settlement Funds to Relatives of Victims of Lion Air Flight 610,https://www.fbi.gov/contact-us/field-offices/chicago/news/california-attorney-guilty-of-federal-contempt-charge-for-failing-to-ensure-distribution-of-settlement-funds-to-relatives-of-victims-of-lion-air-flight-610-1,"Thu, 05 Mar 2026 17:30:00 +0000",https://www.fbi.gov/feeds/fbi-in-the-news/rss.xml,rss,
Repeat Offender Guilty of Armed Drug Trafficking in Columbus,https://www.fbi.gov/contact-us/field-offices/atlanta/news/repeat-offender-guilty-of-armed-drug-trafficking-in-columbus,"Thu, 05 Mar 2026 17:00:00 +0000",https://www.fbi.gov/feeds/fbi-in-the-news/rss.xml,rss,
“Operation Pick-Off” Expands to Houston with Arrests of Foreign Nationals Who Committed Crimes While Unlawfully Living in the U.S.,https://www.fbi.gov/contact-us/field-offices/houston/news/operation-pick-off-expands-to-houston-with-arrests-of-foreign-nationals-who-committed-crimes-while-unlawfully-living-in-the-us,"Thu, 05 Mar 2026 16:46:00 +0000",https://www.fbi.gov/feeds/fbi-in-the-news/rss.xml,rss,
Placerville Man Pleads Guilty to Interstate Theft Conspiracy,https://www.fbi.gov/contact-us/field-offices/sacramento/news/placerville-man-pleads-guilty-to-interstate-theft-conspiracy,"Thu, 05 Mar 2026 16:43:00 +0000",https://www.fbi.gov/feeds/fbi-in-the-news/rss.xml,rss,
St. Louis County Woman Who Had Her Fiancé Murdered Sentenced to 225 Months in Prison,https://www.fbi.gov/contact-us/field-offices/stlouis/news/st-louis-county-woman-who-had-her-fianc-murdered-sentenced-to-225-months-in-prison,"Thu, 05 Mar 2026 16:40:00 +0000",https://www.fbi.gov/feeds/fbi-in-the-news/rss.xml,rss,
FBI Houston Seeks ‘Coverall Crook’ for Multiple Bank Robberies,https://www.fbi.gov/contact-us/field-offices/houston/news/fbi-houston-seeks-coverall-crook-for-multiple-bank-robberies,"Thu, 05 Mar 2026 16:37:00 +0000",https://www.fbi.gov/feeds/fbi-in-the-news/rss.xml,rss,
Waukesha Medical Equipment Company Agrees to Pay Nearly $7 Million to Resolve Allegations of False Billings to Federal Health Care Programs,https://www.fbi.gov/contact-us/field-offices/milwaukee/news/waukesha-medical-equipment-company-agrees-pay-nearly-7-million-resolve-allegations,"Thu, 05 Mar 2026 16:30:00 +0000",https://www.fbi.gov/feeds/fbi-in-the-news/rss.xml,rss,
Two Wild 100s Gang Members Convicted of Murder-for-Hire Resulting in Death,https://www.fbi.gov/contact-us/field-offices/milwaukee/news/two-wild-100s-gang-members-convicted-murder-hire-resulting-death,"Thu, 05 Mar 2026 16:30:00 +0000",https://www.fbi.gov/feeds/fbi-in-the-news/rss.xml,rss,
Bryant Man Sentenced to 30 Years in Federal Prison for Production of Child Pornography,https://www.fbi.gov/contact-us/field-offices/littlerock/news/bryant-man-sentenced-to-30-years-in-federal-prison-for-production-of-child-pornography,"Thu, 05 Mar 2026 16:30:00 +0000",https://www.fbi.gov/feeds/fbi-in-the-news/rss.xml,rss,
Mescalero Man Sentenced for Sexual Abuse of a Minor,https://www.fbi.gov/contact-us/field-offices/albuquerque/news/mescalero-man-sentenced-for-sexual-abuse-of-a-minor-2,"Thu, 05 Mar 2026 16:29:00 +0000",https://www.fbi.gov/feeds/fbi-in-the-news/rss.xml,rss,
Kansas Man Indicted on Meth Trafficking and Firearms Charges,https://www.fbi.gov/contact-us/field-offices/kansascity/news/kansas-man-indicted-on-meth-trafficking-and-firearms-charges,"Thu, 05 Mar 2026 16:21:00 +0000",https://www.fbi.gov/feeds/fbi-in-the-news/rss.xml,rss,
Portsmouth Man Sentenced to Over Two Years in Prison for Auto Loan Fraud Scheme,https://www.fbi.gov/contact-us/field-offices/norfolk/news/portsmouth-man-sentenced-to-over-two-years-in-prison-for-auto-loan-fraud-scheme,"Thu, 05 Mar 2026 16:18:00 +0000",https://www.fbi.gov/feeds/fbi-in-the-news/rss.xml,rss,
Daytona Beach Man Sentenced to Over Four Years for Conspiracy and Aggravated Identity Theft,https://www.fbi.gov/contact-us/field-offices/tampa/news/daytona-beach-man-sentenced-to-over-four-years-for-conspiracy-and-aggravated-identity-theft,"Thu, 05 Mar 2026 16:15:00 +0000",https://www.fbi.gov/feeds/fbi-in-the-news/rss.xml,rss,
Ramah Man Sentenced for Federal Assault and Firearm Charges After Shooting Into Vehicle,https://www.fbi.gov/contact-us/field-offices/albuquerque/news/ramah-man-sentenced-for-federal-assault-and-firearm-charges-after-shooting-into-vehicle,"Thu, 05 Mar 2026 16:01:00 +0000",https://www.fbi.gov/feeds/fbi-in-the-news/rss.xml,rss,
First Defendant Sentenced for Scheme to Bribe Feeding Our Future Juror,https://www.fbi.gov/contact-us/field-offices/minneapolis/news/first-defendant-sentenced-for-scheme-to-bribe-feeding-our-future-juror,"Thu, 05 Mar 2026 15:30:00 +0000",https://www.fbi.gov/feeds/fbi-in-the-news/rss.xml,rss,
New Jersey Man Pleads Guilty in Threatening Red Mass Attendees at St. Matthews Cathedral,https://www.fbi.gov/contact-us/field-offices/washingtondc/news/new-jersey-man-pleads-guilty-in-threatening-red-mass-attendees-at-st-matthews-cathedral,"Thu, 05 Mar 2026 15:30:00 +0000",https://www.fbi.gov/feeds/fbi-in-the-news/rss.xml,rss,
Baltimore County Man Pleads Guilty to Bribing Former Baltimore City Finance Official,https://www.fbi.gov/contact-us/field-offices/baltimore/news/baltimore-county-man-pleads-guilty-to-bribing-former-baltimore-city-finance-official,"Thu, 05 Mar 2026 15:00:00 +0000",https://www.fbi.gov/feeds/fbi-in-the-news/rss.xml,rss,
Bangladeshi National Returned to the United States in International Sextortion Case,https://www.fbi.gov/news/press-releases/bangladeshi-national-returned-to-the-united-states-in-international-sextortion-case,"Thu, 05 Mar 2026 15:00:00 +0000",https://www.fbi.gov/feeds/fbi-in-the-news/rss.xml,rss,
California Siblings Convicted of Drug Conspiracy Charges,https://www.fbi.gov/contact-us/field-offices/stlouis/news/california-siblings-convicted-of-drug-conspiracy-charges,"Thu, 05 Mar 2026 14:30:00 +0000",https://www.fbi.gov/feeds/fbi-in-the-news/rss.xml,rss,
New Orleans Tax Preparer Indicted for $2 Million COVID Fraud Conspiracy and Making False Statements to Agents,https://www.fbi.gov/contact-us/field-offices/neworleans/news/new-orleans-tax-preparer-indicted-for-2-million-covid-fraud-conspiracy-and-making-false-statements-to-agents,"Thu, 05 Mar 2026 14:30:00 +0000",https://www.fbi.gov/feeds/fbi-in-the-news/rss.xml,rss,
Slidell Man Charged with Cares Act Fraud,https://www.fbi.gov/contact-us/field-offices/neworleans/news/slidell-man-charged-with-cares-act-fraud,"Thu, 05 Mar 2026 14:30:00 +0000",https://www.fbi.gov/feeds/fbi-in-the-news/rss.xml,rss,
Illegal Alien Charged with Fraudulently Voting in 2024 Federal Election,https://www.fbi.gov/contact-us/field-offices/philadelphia/news/illegal-alien-charged-with-fraudulently-voting-in-2024-federal-election,"Thu, 05 Mar 2026 14:00:00 +0000",https://www.fbi.gov/feeds/fbi-in-the-news/rss.xml,rss,
Woodbridge Drug Trafficker Sentenced to Over 21 Years in Prison for His Role in Fentanyl and Cocaine Conspiracy,https://www.fbi.gov/contact-us/field-offices/washingtondc/news/woodbridge-drug-trafficker-sentenced-to-over-21-years-in-prison-for-his-role-in-fentanyl-and-cocaine-conspiracy,"Thu, 05 Mar 2026 12:30:00 +0000",https://www.fbi.gov/feeds/fbi-in-the-news/rss.xml,rss,
Carter County Resident Sentenced for Robbery and Felony Assault,https://www.fbi.gov/contact-us/field-offices/oklahomacity/news/carter-county-resident-sentenced-for-robbery-and-felony-assault,"Thu, 05 Mar 2026 12:00:00 +0000",https://www.fbi.gov/feeds/fbi-in-the-news/rss.xml,rss,
Colombian National Sentenced to 42 Months in Federal Prison for Role in Nationwide Jewelry Theft Ring,https://www.fbi.gov/contact-us/field-offices/newhaven/news/colombian-national-sentenced-to-42-months-in-federal-prison-for-role-in-nationwide-jewelry-theft-ring,"Thu, 05 Mar 2026 12:00:00 +0000",https://www.fbi.gov/feeds/fbi-in-the-news/rss.xml,rss,
Former OSBI Investigator Sentenced for Multiple Counts of Sexual Abuse of a Minor,https://www.fbi.gov/contact-us/field-offices/oklahomacity/news/former-osbi-investigator-sentenced-for-multiple-counts-of-sexual-abuse-of-a-minor,"Thu, 05 Mar 2026 11:30:00 +0000",https://www.fbi.gov/feeds/fbi-in-the-news/rss.xml,rss,
"Over $12 Million Medicaid Fraud Scheme Leads to 14 Years of Prison for Substance Abuse Facility, Owner, Compliance Officer, and Office Manager",https://www.fbi.gov/contact-us/field-offices/charlotte/news/over-12-million-medicaid-fraud-scheme-leads-to-14-years-of-prison-for-substance-abuse-facility-owner-compliance-officer-and-office-manager,"Thu, 05 Mar 2026 11:00:00 +0000",https://www.fbi.gov/feeds/fbi-in-the-news/rss.xml,rss,
Third Man Pleads Guilty for Role in $10 Million International Fraudulent Market Survey Conspiracy,https://www.fbi.gov/contact-us/field-offices/boston/news/third-man-pleads-guilty-for-role-in-10-million-international-fraudulent-market-survey-conspiracy,"Thu, 05 Mar 2026 11:00:00 +0000",https://www.fbi.gov/feeds/fbi-in-the-news/rss.xml,rss,
Lieutenant in Large-Scale Drug Trafficking Operation Sentenced to Over Four Years in Federal Prison,https://www.fbi.gov/contact-us/field-offices/boston/news/lieutenant-in-large-scale-drug-trafficking-operation-sentenced-to-over-four-years-in-federal-prison,"Thu, 05 Mar 2026 11:00:00 +0000",https://www.fbi.gov/feeds/fbi-in-the-news/rss.xml,rss,
"Chief Regulatory Officer for ExThera Medical Charged with Concealing Adverse Events, Including Deaths, From FDA; ExThera Medical Corporation Resolves Investigation",https://www.fbi.gov/contact-us/field-offices/boston/news/chief-regulatory-officer-for-exthera-medical-charged-with-concealing-adverse-events-including-deaths-from-fda-exthera-medical-corporation-resolves-investigation,"Thu, 05 Mar 2026 10:30:00 +0000",https://www.fbi.gov/feeds/fbi-in-the-news/rss.xml,rss,
"Brockton Man Sentenced to 12 Years in Prison for Selling Fentanyl, Multiple Machineguns, and Kilograms of Fentanyl Recovered During Searches",https://www.fbi.gov/contact-us/field-offices/boston/news/brockton-man-sentenced-to-12-years-in-prison-for-selling-fentanyl-multiple-machineguns-and-kilograms-of-fentanyl-recovered-during-searches,"Thu, 05 Mar 2026 10:30:00 +0000",https://www.fbi.gov/feeds/fbi-in-the-news/rss.xml,rss,
Ghanaian National Pleads Guilty to Stealing More Than $10 Million Via Romance Scams,https://www.fbi.gov/contact-us/field-offices/newyork/news/ghanaian-national-pleads-guilty-to-stealing-more-than-10-million-via-romance-scams,"Thu, 05 Mar 2026 07:00:00 +0000",https://www.fbi.gov/feeds/fbi-in-the-news/rss.xml,rss,
Las Vegas Woman Sentenced to 10 Years for Threats Against Two Federal Judges and Probation Officer,https://www.fbi.gov/contact-us/field-offices/sandiego/news/las-vegas-woman-sentenced-to-10-years-for-threats-against-two-federal-judges-and-probation-officer,"Thu, 05 Mar 2026 07:00:00 +0000",https://www.fbi.gov/feeds/fbi-in-the-news/rss.xml,rss,
Former Laguna Niguel Resident Sentenced to Seven Years in Federal Prison for Threatening to Kill Judge Who Presided Over His Family Law Case,https://www.fbi.gov/contact-us/field-offices/losangeles/news/former-laguna-niguel-resident-sentenced-to-seven-years-in-federal-prison-for-threatening-to-kill-judge-who-presided-over-his-family-law-case,"Thu, 05 Mar 2026 06:00:00 +0000",https://www.fbi.gov/feeds/fbi-in-the-news/rss.xml,rss,
"Eighteenth Street Gangsters, Associates Arrested on Indictments Alleging Murder, Extortion, Drug Trafficking in Los Angeles' MacArthur Park Area",https://www.fbi.gov/contact-us/field-offices/losangeles/news/eighteenth-street-gangsters-associates-arrested-on-indictments-alleging-murder-extortion-drug-trafficking-in-los-angeles-macarthur-park-area,"Thu, 05 Mar 2026 06:00:00 +0000",https://www.fbi.gov/feeds/fbi-in-the-news/rss.xml,rss,
Former CFO Sentenced to Two Years in Prison for $35 Million Theft From Start-Up Tech Firm,https://www.fbi.gov/contact-us/field-offices/seattle/news/former-cfo-sentenced-to-two-years-in-prison-for-35-million-theft-from-start-up-tech-firm,"Thu, 05 Mar 2026 06:00:00 +0000",https://www.fbi.gov/feeds/fbi-in-the-news/rss.xml,rss,
Dark Web Fentanyl Distributor Sentenced to 42 Months in Prison,https://www.fbi.gov/contact-us/field-offices/seattle/news/dark-web-fentanyl-distributor-sentenced-to-42-months-in-prison,"Thu, 05 Mar 2026 06:00:00 +0000",https://www.fbi.gov/feeds/fbi-in-the-news/rss.xml,rss,
Bryan Resident Sentenced to 14 Years for Sadistic Exploitation of Children,https://www.fbi.gov/contact-us/field-offices/houston/news/bryan-resident-sentenced-to-14-years-for-sadistic-exploitation-of-children,"Thu, 05 Mar 2026 06:00:00 +0000",https://www.fbi.gov/feeds/fbi-in-the-news/rss.xml,rss,
Russian Citizen Charged with Laundering Over $1.2M Connected to $400M in Fraudulent Medicare Claims,https://www.fbi.gov/contact-us/field-offices/houston/news/russian-citizen-charged-with-laundering-over-12m-connected-to-400m-in-fraudulent-medicare-claims,"Thu, 05 Mar 2026 06:00:00 +0000",https://www.fbi.gov/feeds/fbi-in-the-news/rss.xml,rss,
"Former Carlyle Police Chief Accused of Embezzling More Than $100,000",https://www.fbi.gov/contact-us/field-offices/springfield/news/former-carlyle-police-chief-accused-of-embezzling-more-than-100000,"Wed, 04 Mar 2026 18:00:00 +0000",https://www.fbi.gov/feeds/fbi-in-the-news/rss.xml,rss,
Owner of Chicago-Area Convenience Stores Sentenced to Four Years in Prison for Defrauding Low-Income Food Program,https://www.fbi.gov/contact-us/field-offices/chicago/news/owner-of-chicago-area-convenience-stores-sentenced-to-four-years-in-prison-for-defrauding-low-income-food-program,"Wed, 04 Mar 2026 17:30:00 +0000",https://www.fbi.gov/feeds/fbi-in-the-news/rss.xml,rss,
Schenectady Man Pleads Guilty to Distribution and Possession of Child Pornography,https://www.fbi.gov/contact-us/field-offices/albany/news/schenectady-man-pleads-guilty-to-distribution-and-possession-of-child-pornography,"Wed, 04 Mar 2026 16:30:00 +0000",https://www.fbi.gov/feeds/fbi-in-the-news/rss.xml,rss,
Caastle Founder Pleads Guilty to $300 Million Fraud Scheme,https://www.fbi.gov/contact-us/field-offices/newyork/news/caastle-founder-pleads-guilty-to-300-million-fraud-scheme,"Wed, 04 Mar 2026 16:30:00 +0000",https://www.fbi.gov/feeds/fbi-in-the-news/rss.xml,rss,
Maryland Man Indicted for Sexual Exploitation of Children,https://www.fbi.gov/contact-us/field-offices/birmingham/maryland-man-indicted-for-sexual-exploitation-of-children,"Wed, 04 Mar 2026 16:00:00 +0000",https://www.fbi.gov/feeds/fbi-in-the-news/rss.xml,rss,
FCI Aliceville Correctional Officer Indicted for Sexual Assault of Inmates,https://www.fbi.gov/contact-us/field-offices/birmingham/fci-aliceville-correctional-officer-indicted-for-sexual-assault-of-inmates,"Wed, 04 Mar 2026 16:00:00 +0000",https://www.fbi.gov/feeds/fbi-in-the-news/rss.xml,rss,
D.C. Dentist and Hygienist Found Guilty in Scheme to Defraud D.C. Medicaid of $4 Million,https://www.fbi.gov/contact-us/field-offices/washingtondc/news/dc-dentist-and-hygienist-found-guilty-in-scheme-to-defraud-dc-medicaid-of-4-million,"Wed, 04 Mar 2026 16:00:00 +0000",https://www.fbi.gov/feeds/fbi-in-the-news/rss.xml,rss,
Maryland Man Charged with Distributing Child Pornography,https://www.fbi.gov/contact-us/field-offices/washingtondc/news/maryland-man-charged-with-distributing-child-pornography-1,"Wed, 04 Mar 2026 16:00:00 +0000",https://www.fbi.gov/feeds/fbi-in-the-news/rss.xml,rss,
Serial Robber Sentenced to Over 32 Years for Terrorizing More Than a Dozen Victims in Philadelphia Between 2022 and 2023,https://www.fbi.gov/contact-us/field-offices/philadelphia/news/serial-robber-sentenced-to-over-32-years-for-terrorizing-more-than-a-dozen-victims-in-philadelphia-between-2022-and-2023,"Wed, 04 Mar 2026 15:30:00 +0000",https://www.fbi.gov/feeds/fbi-in-the-news/rss.xml,rss,
Russian Ransomware Administrator Pleads Guilty to Wire Fraud Conspiracy,https://www.fbi.gov/contact-us/field-offices/baltimore/news/russian-ransomware-administrator-pleads-guilty-to-wire-fraud-conspiracy,"Wed, 04 Mar 2026 15:00:00 +0000",https://www.fbi.gov/feeds/fbi-in-the-news/rss.xml,rss,
Maryland Man Sentenced for Laundering Fraud Money,https://www.fbi.gov/contact-us/field-offices/stlouis/news/maryland-man-sentenced-for-laundering-fraud-money,"Wed, 04 Mar 2026 14:30:00 +0000",https://www.fbi.gov/feeds/fbi-in-the-news/rss.xml,rss,
"Illegal Alien From Mexico Sentenced to More Than 16 Years in Prison for Drug Trafficking, Sexually Exploiting Teenager",https://www.fbi.gov/contact-us/field-offices/cincinnati/news/illegal-alien-from-mexico-sentenced-to-more-than-16-years-in-prison-for-drug-trafficking-sexually-exploiting-teenager,"Wed, 04 Mar 2026 14:30:00 +0000",https://www.fbi.gov/feeds/fbi-in-the-news/rss.xml,rss,
Former Gladwyne Entrepreneur Who Bilked Investors Out of Millions of Dollars Sentenced to Over Nine Years in Prison,https://www.fbi.gov/contact-us/field-offices/philadelphia/news/former-gladwyne-entrepreneur-who-bilked-investors-out-of-millions-of-dollars-sentenced-to-over-nine-years-in-prison,"Wed, 04 Mar 2026 14:00:00 +0000",https://www.fbi.gov/feeds/fbi-in-the-news/rss.xml,rss,
Philadelphia Correctional Officer and His Former Supervisor Convicted at Trial in Connection with Violation of Inmate’s Constitutional Rights,https://www.fbi.gov/contact-us/field-offices/philadelphia/news/philadelphia-correctional-officer-and-his-former-supervisor-convicted-at-trial-in-connection-with-violation-of-inmates-constitutional-rights,"Wed, 04 Mar 2026 14:00:00 +0000",https://www.fbi.gov/feeds/fbi-in-the-news/rss.xml,rss,
Bethlehem Man Convicted at Trial of Election Fraud Offenses,https://www.fbi.gov/contact-us/field-offices/philadelphia/news/bethlehem-man-convicted-at-trial-of-election-fraud-offenses,"Wed, 04 Mar 2026 13:00:00 +0000",https://www.fbi.gov/feeds/fbi-in-the-news/rss.xml,rss,
Turtle Creek Resident Pleads Guilty to Sexual Exploitation of Minors,https://www.fbi.gov/contact-us/field-offices/pittsburgh/news/turtle-creek-resident-pleads-guilty-to-sexual-exploitation-of-minors,"Wed, 04 Mar 2026 12:15:00 +0000",https://www.fbi.gov/feeds/fbi-in-the-news/rss.xml,rss,
Wagoner Resident Sentenced for Assault Resulting in Serious Bodily Injury,https://www.fbi.gov/contact-us/field-offices/oklahomacity/news/wagoner-resident-sentenced-for-assault-resulting-in-serious-bodily-injury,"Wed, 04 Mar 2026 11:30:00 +0000",https://www.fbi.gov/feeds/fbi-in-the-news/rss.xml,rss,
Three Drug Dealers Sentenced to Federal Prison for Trafficking More Than 69 Kilograms of Illegal Substances,https://www.fbi.gov/contact-us/field-offices/cleveland/news/three-drug-dealers-sentenced-to-federal-prison-for-trafficking-more-than-69-kilograms-of-illegal-substances,"Wed, 04 Mar 2026 11:00:00 +0000",https://www.fbi.gov/feeds/fbi-in-the-news/rss.xml,rss,
York County Man Sentenced to 30 Years in Prison for Production of Child Pornography and Enticement of a Minor to Engage in Illegal Sexual Activity,https://www.fbi.gov/contact-us/field-offices/philadelphia/news/york-county-man-sentenced-to-30-years-in-prison-for-production-of-child-pornography-and-enticement-of-a-minor-to-engage-in-illegal-sexual-activity,"Wed, 04 Mar 2026 11:00:00 +0000",https://www.fbi.gov/feeds/fbi-in-the-news/rss.xml,rss,
Luzerne County Woman Sentenced to 15 Months in Federal Prison for Wire Fraud Scheme,https://www.fbi.gov/contact-us/field-offices/philadelphia/news/luzerne-county-woman-sentenced-to-15-months-in-federal-prison-for-wire-fraud-scheme,"Wed, 04 Mar 2026 11:00:00 +0000",https://www.fbi.gov/feeds/fbi-in-the-news/rss.xml,rss,
Okmulgee County Resident Sentenced for Robbery,https://www.fbi.gov/contact-us/field-offices/oklahomacity/news/okmulgee-county-resident-sentenced-for-robbery,"Wed, 04 Mar 2026 11:00:00 +0000",https://www.fbi.gov/feeds/fbi-in-the-news/rss.xml,rss,
Harrison County Man Indicted on Charges of Threatening the President and ICE,https://www.fbi.gov/contact-us/field-offices/pittsburgh/news/harrison-county-man-indicted-on-charges-of-threatening-the-president-and-ice,"Wed, 04 Mar 2026 10:09:00 +0000",https://www.fbi.gov/feeds/fbi-in-the-news/rss.xml,rss,
Bangor Woman Pleads Guilty to Bank Fraud Conspiracy,https://www.fbi.gov/contact-us/field-offices/boston/news/bangor-woman-pleads-guilty-to-bank-fraud-conspiracy,"Wed, 04 Mar 2026 07:00:00 +0000",https://www.fbi.gov/feeds/fbi-in-the-news/rss.xml,rss,
Extradited Honduran Man Sentenced to Five Years in Federal Prison for Fentanyl Trafficking,https://www.fbi.gov/contact-us/field-offices/sanfrancisco/news/extradited-honduran-man-sentenced-to-five-years-in-federal-prison-for-fentanyl-trafficking,"Wed, 04 Mar 2026 07:00:00 +0000",https://www.fbi.gov/feeds/fbi-in-the-news/rss.xml,rss,
Founder of Acton-Based Animal Welfare Organization Arrested on Federal Charge that He Plotted Former Employee’s Kidnapping,https://www.fbi.gov/contact-us/field-offices/losangeles/news/founder-of-acton-based-animal-welfare-organization-arrested-on-federal-charge-that-he-plotted-former-employees-kidnapping,"Wed, 04 Mar 2026 06:30:00 +0000",https://www.fbi.gov/feeds/fbi-in-the-news/rss.xml,rss,
Hacienda Heights Man Arrested and Charged with Running Dog Fighting Venture and with Illegal Firearms Possession,https://www.fbi.gov/contact-us/field-offices/losangeles/news/hacienda-heights-man-arrested-and-charged-with-running-dog-fighting-venture-and-with-illegal-firearms-possession,"Wed, 04 Mar 2026 06:30:00 +0000",https://www.fbi.gov/feeds/fbi-in-the-news/rss.xml,rss,
Mother Sentenced to 17 Years in Federal Prison for Fraud Scheme Involving Quadriplegic Son,https://www.fbi.gov/contact-us/field-offices/dallas/news/mother-sentenced-to-17-years-in-federal-prison-for-fraud-scheme-involving-quadriplegic-son,"Wed, 04 Mar 2026 06:00:00 +0000",https://www.fbi.gov/feeds/fbi-in-the-news/rss.xml,rss,
Ex-Amazon Employee and Associates Sentenced in Multimillion-Dollar Fraud Scheme,https://www.fbi.gov/contact-us/field-offices/phoenix/news/ex-amazon-employee-and-associates-sentenced-in-multi-million-dollar-fraud-scheme,"Wed, 04 Mar 2026 06:00:00 +0000",https://www.fbi.gov/feeds/fbi-in-the-news/rss.xml,rss,
Iowa Man Charged with Sex Abuse Occurring on the Meskwaki Settlement,https://www.fbi.gov/contact-us/field-offices/omaha/news/iowa-man-charged-with-sex-abuse-occurring-on-the-meskwaki-settlement,"Wed, 04 Mar 2026 06:00:00 +0000",https://www.fbi.gov/feeds/fbi-in-the-news/rss.xml,rss,
United States Leads Dismantlement of One of the World’s Largest Hacker Forums,https://www.fbi.gov/contact-us/field-offices/saltlakecity/news/united-states-leads-dismantlement-of-one-of-the-worlds-largest-hacker-forums,"Wed, 04 Mar 2026 06:00:00 +0000",https://www.fbi.gov/feeds/fbi-in-the-news/rss.xml,rss,
Lubbock Chapter President of the Bandidos Motorcycle Club Charged with Methamphetamine Distribution,https://www.fbi.gov/contact-us/field-offices/dallas/news/lubbock-chapter-president-of-the-bandidos-motorcycle-club-charged-with-methamphetamine-distribution,"Wed, 04 Mar 2026 06:00:00 +0000",https://www.fbi.gov/feeds/fbi-in-the-news/rss.xml,rss,
Four Operation Mobile Order Defendants Sentenced to Prison,https://www.fbi.gov/contact-us/field-offices/atlanta/news/four-operation-mobile-order-defendants-sentenced-to-prison,"Tue, 03 Mar 2026 17:00:00 +0000",https://www.fbi.gov/feeds/fbi-in-the-news/rss.xml,rss,
Farmington Resident Pleads Guilty to Distributing and Possessing Child Sexual Abuse Material,https://www.fbi.gov/contact-us/field-offices/pittsburgh/news/farmington-resident-pleads-guilty-to-distributing-and-possessing-child-sexual-abuse-material,"Tue, 03 Mar 2026 16:57:00 +0000",https://www.fbi.gov/feeds/fbi-in-the-news/rss.xml,rss,
Operation Winter SHIELD: FBI Philadelphia on Protecting the Transportation and Logistics,https://www.fbi.gov/contact-us/field-offices/philadelphia/news/operation-winter-shield-fbi-philadelphia-on-protecting-the-transportation-and-logistics,"Tue, 03 Mar 2026 16:50:00 +0000",https://www.fbi.gov/feeds/fbi-in-the-news/rss.xml,rss,
Kentucky Man Sentenced to Prison for Fentanyl Crime,https://www.fbi.gov/contact-us/field-offices/pittsburgh/news/kentucky-man-sentenced-to-prison-for-fentanyl-crime,"Tue, 03 Mar 2026 16:42:00 +0000",https://www.fbi.gov/feeds/fbi-in-the-news/rss.xml,rss,
Jacksonville Marketing Company Owner Pleads Guilty to Conspiring to Defraud Medicare and Medicaid in the Provision of HIV Prophylactic Medications,https://www.fbi.gov/contact-us/field-offices/jacksonville/news/jacksonville-marketing-company-owner-pleads-guilty-to-conspiring-to-defraud-medicare-and-medicaid-in-the-provision-of-hiv-prophylactic-medications,"Tue, 03 Mar 2026 16:39:00 +0000",https://www.fbi.gov/feeds/fbi-in-the-news/rss.xml,rss,
Ohio Man Pleads Guilty to Cocaine and Methamphetamine Trafficking,https://www.fbi.gov/contact-us/field-offices/pittsburgh/news/ohio-man-pleads-guilty-to-cocaine-and-methamphetamine-trafficking,"Tue, 03 Mar 2026 16:35:00 +0000",https://www.fbi.gov/feeds/fbi-in-the-news/rss.xml,rss,
Indiana Man Who Targeted a Local Christian Church for Vandalism Sentenced to Federal Prison,https://www.fbi.gov/contact-us/field-offices/indianapolis/news/indiana-man-who-targeted-a-local-christian-church-for-vandalism-sentenced-to-federal-prison,"Tue, 03 Mar 2026 16:30:00 +0000",https://www.fbi.gov/feeds/fbi-in-the-news/rss.xml,rss,
"Texas Man Sentenced for Monopolizing International Transit Industry, Fixing Prices, and Extorting Competitors",https://www.fbi.gov/contact-us/field-offices/sanantonio/news/another-sentenced-monopolizing-international-transit-industry-fixing-prices-and,"Tue, 03 Mar 2026 16:30:00 +0000",https://www.fbi.gov/feeds/fbi-in-the-news/rss.xml,rss,
Former Passaic County Correctional Officer Sentenced to 17 Months in Prison for Civil Rights Violation and Conspiracy to Obstruct Justice in Connection with Assault of Pretrial Detainee,https://www.fbi.gov/contact-us/field-offices/newark/news/former-passaic-county-correctional-officer-sentenced-to-17-months-in-prison-for-civil-rights-violation-and-conspiracy-to-obstruct-justice-in-connection-with-assault-of-pretrial-detainee,"Tue, 03 Mar 2026 16:30:00 +0000",https://www.fbi.gov/feeds/fbi-in-the-news/rss.xml,rss,
Lynchburg Store Owner Pleads Guilty to Federal Food Stamp Fraud,https://www.fbi.gov/contact-us/field-offices/richmond/news/lynchburg-store-owner-pleads-guilty-to-federal-food-stamp-fraud,"Tue, 03 Mar 2026 16:30:00 +0000",https://www.fbi.gov/feeds/fbi-in-the-news/rss.xml,rss,
Huntington Man Sentenced to Prison for Child Pornography Crime,https://www.fbi.gov/contact-us/field-offices/pittsburgh/news/huntington-man-sentenced-to-prison-for-child-pornography-crime-2,"Tue, 03 Mar 2026 16:26:00 +0000",https://www.fbi.gov/feeds/fbi-in-the-news/rss.xml,rss,
Alleged Tren de Aragua Gang Members Charged in Connection with ATM Jackpotting Scheme,https://www.fbi.gov/contact-us/field-offices/boston/news/alleged-tren-de-aragua-gang-members-charged-in-connection-with-atm-jackpotting-scheme,"Tue, 03 Mar 2026 16:02:00 +0000",https://www.fbi.gov/feeds/fbi-in-the-news/rss.xml,rss,
Indictment Charges Investment Advisor with Defrauding Financial Services Companies of $3.3 Million,https://www.fbi.gov/contact-us/field-offices/newhaven/news/indictment-charges-investment-advisor-with-defrauding-financial-services-companies-of-33-million,"Tue, 03 Mar 2026 16:00:00 +0000",https://www.fbi.gov/feeds/fbi-in-the-news/rss.xml,rss,
Federal Jury Finds Former San Diego County Sheriff’s Deputy Guilty in Fatal Shooting of Unarmed Fleeing Arrestee,https://www.fbi.gov/contact-us/field-offices/sandiego/news/federal-jury-finds-former-san-diego-county-sheriffs-deputy-guilty-in-fatal-shooting-of-unarmed-fleeing-arrestee,"Tue, 03 Mar 2026 16:00:00 +0000",https://www.fbi.gov/feeds/fbi-in-the-news/rss.xml,rss,
"Alleged Boss of Violent Sinaloa Cartel Indicted on Drug, Firearm, and Material Support of Terrorism Charges",https://www.fbi.gov/contact-us/field-offices/sandiego/news/alleged-boss-of-violent-sinaloa-cartel-indicted-on-drug-firearm-and-material-support-of-terrorism-charges,"Tue, 03 Mar 2026 16:00:00 +0000",https://www.fbi.gov/feeds/fbi-in-the-news/rss.xml,rss,
Tucson Man Who Shot at Air and Marine Operations Helicopter Indicted for Attempted Murder of a Federal Officer,https://www.fbi.gov/contact-us/field-offices/phoenix/news/tucson-man-who-shot-at-air-and-marine-operations-helicopter-indicted-for-attempted-murder-of-a-federal-officer,"Tue, 03 Mar 2026 16:00:00 +0000",https://www.fbi.gov/feeds/fbi-in-the-news/rss.xml,rss,
Two Cincinnati Men Involved in Mass Shooting Now Face Federal Charges,https://www.fbi.gov/contact-us/field-offices/cincinnati/news/two-cincinnati-men-involved-in-mass-shooting-now-face-federal-charges,"Tue, 03 Mar 2026 15:30:00 +0000",https://www.fbi.gov/feeds/fbi-in-the-news/rss.xml,rss,
Former Navy Petty Officer Sentenced to Over Eight Years in Federal Prison for Possession of Violent Child Pornography,https://www.fbi.gov/contact-us/field-offices/honolulu/news/former-navy-petty-officer-sentenced-to-over-eight-years-in-federal-prison-for-possession-of-violent-child-pornography,"Tue, 03 Mar 2026 15:30:00 +0000",https://www.fbi.gov/feeds/fbi-in-the-news/rss.xml,rss,
"Dover Man Sentenced to Federal Prison After Defrauding Bank Out of More Than $800,000",https://www.fbi.gov/contact-us/field-offices/oklahomacity/news/dover-man-sentenced-to-federal-prison-after-defrauding-bank-out-of-more-than-800000,"Tue, 03 Mar 2026 14:30:00 +0000",https://www.fbi.gov/feeds/fbi-in-the-news/rss.xml,rss,
Pearl River Man Pleads Guilty to Distribution of Methamphetamine on the Choctaw Indian Reservation,https://www.fbi.gov/contact-us/field-offices/jackson/news/pearl-river-man-pleads-guilty-to-distribution-of-methamphetamine-on-the-choctaw-indian-reservation,"Tue, 03 Mar 2026 13:30:00 +0000",https://www.fbi.gov/feeds/fbi-in-the-news/rss.xml,rss,
Springfield Man Sentenced to Over 12 Years in Prison for Federal Hate Crime Violation,https://www.fbi.gov/contact-us/field-offices/portland/news/springfield-man-sentenced-to-over-12-years-in-prison-for-federal-hate-crime-violation,"Tue, 03 Mar 2026 12:00:00 +0000",https://www.fbi.gov/feeds/fbi-in-the-news/rss.xml,rss,
Illegal Alien Sentenced to Serve More Than Six Years in Federal Prison After Injuring ICE Officer While Fleeing From Traffic Stop,https://www.fbi.gov/contact-us/field-offices/oklahomacity/news/illegal-alien-sentenced-to-serve-more-than-six-years-in-federal-prison-after-injuring-ice-officer-while-fleeing-from-traffic-stop,"Tue, 03 Mar 2026 12:00:00 +0000",https://www.fbi.gov/feeds/fbi-in-the-news/rss.xml,rss,
Former Philadelphia Nonprofit Executive Pleads Guilty to Fraud and Money Laundering Charges Involving $1.6 Million,https://www.fbi.gov/contact-us/field-offices/philadelphia/news/former-philadelphia-nonprofit-executive-pleads-guilty-to-fraud-and-money-laundering-charges-involving-16-million,"Tue, 03 Mar 2026 11:30:00 +0000",https://www.fbi.gov/feeds/fbi-in-the-news/rss.xml,rss,
Roanoke Man Sentenced for Possessing Child Sexual Exploitation Material,https://www.fbi.gov/contact-us/field-offices/richmond/news/roanoke-man-sentenced-for-possessing-child-sexual-exploitation-material,"Tue, 03 Mar 2026 09:30:00 +0000",https://www.fbi.gov/feeds/fbi-in-the-news/rss.xml,rss,
"Byrd Gang Leader Sentenced to 360 Months for RICO Conspiracy, Heroin, Fentanyl Distribution Conspiracy, and Firearms Possession Conspiracy",https://www.fbi.gov/contact-us/field-offices/neworleans/news/byrd-gang-leader-sentenced-to-360-months-for-rico-conspiracy-heroin-fentanyl-distribution-conspiracy-and-firearms-possession-conspiracy,"Tue, 03 Mar 2026 07:00:00 +0000",https://www.fbi.gov/feeds/fbi-in-the-news/rss.xml,rss,
Columbia Man Agrees to Plead Guilty to Hate Crime,https://www.fbi.gov/contact-us/field-offices/columbia/news/columbia-man-agrees-to-plead-guilty-to-hate-crime,"Tue, 03 Mar 2026 07:00:00 +0000",https://www.fbi.gov/feeds/fbi-in-the-news/rss.xml,rss,
"One Fresno Resident Sentenced, One Pleads Guilty in Illegal Gun Possession Cases",https://www.fbi.gov/contact-us/field-offices/sacramento/news/one-fresno-resident-sentenced-one-pleads-guilty-in-illegal-gun-possession-cases,"Tue, 03 Mar 2026 06:00:00 +0000",https://www.fbi.gov/feeds/fbi-in-the-news/rss.xml,rss,
Former Assistant Superintendent and Former IT Director of Patterson Joint Unified School District Sentenced to Prison for Stealing Approximately $1.5 Million in Embezzlement Scheme,https://www.fbi.gov/contact-us/field-offices/sacramento/news/former-assistant-superintendent-and-former-it-director-of-patterson-joint-unified-school-district-sentenced-to-prison-for-stealing-approximately-15-million-in-embezzlement-scheme,"Tue, 03 Mar 2026 06:00:00 +0000",https://www.fbi.gov/feeds/fbi-in-the-news/rss.xml,rss,
Bond County Methamphetamine Dealer Sentenced to Federal Prison,https://www.fbi.gov/contact-us/field-offices/springfield/news/bond-county-meth-dealer-sentenced-to-federal-prison,"Mon, 02 Mar 2026 18:00:00 +0000",https://www.fbi.gov/feeds/fbi-in-the-news/rss.xml,rss,
Houston Man Gets 20 Years for Sex Trafficking Minor,https://www.fbi.gov/contact-us/field-offices/houston/news/houston-man-gets-20-years-for-sex-trafficking-minor,"Mon, 02 Mar 2026 17:00:00 +0000",https://www.fbi.gov/feeds/fbi-in-the-news/rss.xml,rss,
Defendant Charged with Damaging the Brooklyn Headquarters of the Chabad-Lubavitch Movement,https://www.fbi.gov/contact-us/field-offices/newyork/news/defendant-charged-damaging-brooklyn-headquarters-chabad-lubavitch-movement,"Mon, 02 Mar 2026 16:30:00 +0000",https://www.fbi.gov/feeds/fbi-in-the-news/rss.xml,rss,
