doc_id,title,source,date,total_chunks,avg_chunk_length,min_chunk_length,max_chunk_length
004ceff8eca12a,Russian GRU Exploiting Vulnerable Routers to Steal Sensitive Information,FBI - National,2026-04-07,1,197.0,197,197
004e969ac16541,Former Shallowater ISD Assistant Band Director Indicted for Enticement of a Minor,FBI - National,2026-04-10,1,162.0,162,162
023644b89a1a85,"Honolulu Man Convicted of Child Exploitation Offenses, Including Production of Child Pornography and Sex Trafficking of Children",FBI - National,2026-03-11,1,190.0,190,190
065c409a4152c2,Farmington Resident Pleads Guilty to Distributing and Possessing Child Sexual Abuse Material,FBI - National,2026-03-03,1,167.0,167,167
074e47025b3225,Former Ohkay Owingeh Police Officer Pleads Guilty to Obstruction of Justice,FBI - National,2026-04-10,1,154.0,154,154
0906d2a17df240,New York Man Charged in Multi-State Cargo-Theft Conspiracy,FBI - National,2026-04-07,1,181.0,181,181
0930802f67b734,Nantucket Gang Associate Sentenced to Prison for Dealing Fentanyl and Cocaine in Nantucket and Elsewhere,FBI - National,2026-03-09,1,155.0,155,155
093e3daa67d2be,Colombian National Sentenced to 42 Months in Federal Prison for Role in Nationwide Jewelry Theft Ring,FBI - National,2026-03-05,1,160.0,160,160
095274b9dea6f9,New Jersey Man Pleads Guilty to Scheme Designed to Obtain Fraudulent Visas to Bring Aliens to the U.S. for Unlawful Fundraising,FBI - National,2026-04-16,1,153.0,153,153
096f4092279fe4,"Former CEO of Chicago Charter School Network Charged with Misappropriating More Than $103,000",FBI - National,2026-04-15,1,171.0,171,171
09e6c809d98c8c,Be Aware of No Drone Zone at Coors Field on Game Days,FBI - National,2026-04-16,1,152.0,152,152
0ac371ca65b83f,Russian Citizen Charged with Laundering Over $1.2M Connected to $400M in Fraudulent Medicare Claims,FBI - National,2026-03-05,1,153.0,153,153
0cc57dc90db051,Georgia Man Charged with Transmitting Threat to South Florida Victim,FBI - National,2026-03-09,1,156.0,156,156
0d2c734932af9f,Topeka Man Uses Federal Grant Funds as Shopping Money,FBI - National,2026-04-08,1,151.0,151,151
0d7b028e69ac54,Harrison County Man Indicted on Charges of Threatening the President and ICE,FBI - National,2026-03-04,1,168.0,168,168
0e49d615031633,"Faith, South Dakota, Man Found Guilty After Trial of First-Degree Burglary",FBI - National,2026-04-09,1,165.0,165,165
0eeac21bc9a140,Virginia Man Charged with Illegally Selling the Firearm Used in the Campus Shooting at Old Dominion University,FBI - National,2026-03-13,1,281.0,281,281
0fad2b220bbe82,Love County Resident Sentenced for Possessing Child Sexual Exploitation Material,FBI - National,2026-04-08,1,171.0,171,171
10772b2eef63ad,Federal Jury Convicts Inmate Serving Life Sentence in Violent Kidnaping of Rideshare Driver During Escape from Georgia Custody,FBI - National,2026-03-11,1,153.0,153,153
11aa8cbe642078,Sixteen-Time Waterloo Felon Sentenced to Over Two Decades in Federal Prison for Distributing Fatal Dose of Fentanyl,FBI - National,2026-04-07,1,192.0,192,192
12669dd51ad008,Webster Man Pleads Guilty to Building and Detonating Pipe Bombs in Weare,FBI - National,2026-04-10,1,159.0,159,159
14acda69fa33dc,Pine Ridge Woman Sentenced to Over 19 Years in Federal Prison for Conspiring to Distribute Fentanyl and Methamphetamine in Rapid City and in the Pine Ridge Reservation,FBI - National,2026-04-09,1,162.0,162,162
16c2512e04ac78,"Second Defendant Linked to Drug Trafficking in Notorious ""Jungle"" Homeless Camp Sentenced to Prison",FBI - National,2026-04-15,1,155.0,155,155
17265e9db0a25d,FCI Aliceville Correctional Officer Indicted for Sexual Assault of Inmates,FBI - National,2026-03-04,1,187.0,187,187
18901a56d7e08e,Three Family Members Plead Guilty to Smuggling Drugs Into Prison,FBI - National,2026-04-10,1,197.0,197,197
199714fbc3132d,Former Quincy Official Pleads Guilty to Embezzling City Funds,FBI - National,2026-03-09,1,180.0,180,180
1b05a23063e5d0,Harrisburg Man Sentenced to Prison for Selling Cocaine,FBI - National,2026-03-06,1,190.0,190,190
1b2c3f8bf9002f,"Man Admits to Feloniously Using His Vehicle to Impede, Intimidate, and Interfere with the Work of Federal Immigration Agents During Operation Midway Blitz",FBI - National,2026-04-16,1,172.0,172,172
1b9762d0153113,"FBI Atlanta, Indonesian Authorities Take Down Global Phishing Network Behind Millions in Fraud Attempts",FBI - National,2026-04-10,1,302.0,302,302
1bef6a4674af21,Kansas Doctor Sentenced to Three Years in Prison for $8 Million Medicare Fraud,FBI - National,2026-03-06,1,168.0,168,168
1f9964597b3bc6,Owner of Durable Medical Equipment Company Sentenced for $59M Medicare Fraud,FBI - National,2026-03-09,1,175.0,175,175
206fb169c8c16b,First Defendant Sentenced for Scheme to Bribe Feeding Our Future Juror,FBI - National,2026-03-05,1,167.0,167,167
24d012fb7c9868,"Bridgeport Man Sentenced to More Than Eight Years in Prison for Gunpoint Robberies of Retail Stores, Amazon Delivery Truck",FBI - National,2026-03-12,1,151.0,151,151
26e697f3173de0,"Jalen Smith Pleads Guilty to Bribery and Point-Shaving Scheme to Fix NCAA, CBA Men’s Basketball Games",FBI - National,2026-03-06,1,206.0,206,206
27c344c877d76f,FBI and West Milwaukee Police Department Ask for Public’s Assistance to Identify Bank Robber,FBI - National,2026-04-08,1,158.0,158,158
28ecb4d840b33a,"New Castle Woman Sentenced to Two-and-a-Half Years in Prison for Fentanyl, Heroin, and Cocaine Trafficking",FBI - National,2026-04-16,1,174.0,174,174
29374d654a16fd,Warrant Issued for Permanent Resident From Nigeria for Failure to Report to Federal Prison,FBI - National,2026-04-15,1,155.0,155,155
2937879f4ce73c,Former Pagan’s Motorcycle Gang Member Sentenced to 80 Months for Assault Against Rival,FBI - National,2026-03-12,1,156.0,156,156
2a722dd35bc158,St. Louis Area Fentanyl and Methamphetamine Distributor Sentenced to 19 Years in Prison,FBI - National,2026-03-10,1,159.0,159,159
2b1e21da326d8c,"Former Robeson County Sheriff’s Deputy and Family Plead Guilty to Stealing Over $542,000 in Fraudulent COVID Loans",FBI - National,2026-03-12,1,155.0,155,155
2bcdd14bb9316d,FBI Warns Kentuckians to Beware of Scammers Impersonating Law Enforcement and Government Officials,FBI - National,2026-03-18,1,264.0,264,264
2c02e81d47030a,Chicago Man Sentenced to 25 Years in Prison for Conspiring to Provide Material Support to Foreign Terrorist Organization,FBI - National,2026-04-17,1,195.0,195,195
2c4a8db8cd23c7,South Florida Tax Preparer and Two Others Sentenced for Conspiring to Defraud COVID-19 Relief Program,FBI - National,2026-03-10,1,194.0,194,194
2c544aa086d20b,United States Leads Dismantlement of One of the World’s Largest Hacker Forums,FBI - National,2026-03-04,1,154.0,154,154
2c7cde98d66137,Wagoner Resident Sentenced for Assault Resulting in Serious Bodily Injury,FBI - National,2026-03-04,1,174.0,174,174
2c898cc5dbfe6e,Two ISIS Supporters Charged with Attempting to Detonate Explosive Devices During Protests Outside Gracie Mansion,FBI - National,2026-03-09,1,208.0,208,208
2d3faf7c9a4b5d,Florida Nursing Assistant Sentenced to Nine Years in Prison for $11.4 Million Health Care Fraud Scheme Targeting Medicare Beneficiaries,FBI - National,2026-04-14,1,178.0,178,178
30a719ed91edb9,Roanoke Man Sentenced for Possessing Child Sexual Exploitation Material,FBI - National,2026-03-03,1,177.0,177,177
314fc7535601d5,Minnesota Man Sentenced for Threatening to Murder a Member of Congress,FBI - National,2026-03-18,1,160.0,160,160
3180ead68b7160,Member of the Lynn Chapter of the Trinitarios Pleads Guilty to Racketeering Conspiracy,FBI - National,2026-04-10,1,163.0,163,163
3301da267d36a3,Placerville Man Pleads Guilty to Interstate Theft Conspiracy,FBI - National,2026-03-05,1,155.0,155,155
33a9efa712a041,Jacksonville Marketing Company Owner Pleads Guilty to Conspiring to Defraud Medicare and Medicaid in the Provision of HIV Prophylactic Medications,FBI - National,2026-03-03,1,167.0,167,167
33d51011f8b0ae,"Tampa Man Indicted for Attempted Production, Receipt, and Transfer of Obscene Material to a Minor",FBI - National,2026-03-06,1,166.0,166,166
3519ac7b76db85,"Ohio Man Charged with Stalking, Making Threatening Communications, and Submitting False Reports to the FBI",FBI - National,2026-03-09,1,163.0,163,163
376d48c59c8a81,Johnstown Resident Sentenced to 12 Years in Prison for Drug Trafficking,FBI - National,2026-04-08,1,195.0,195,195
38d9b1a5bb7a88,Hard Money Lender Pleads Guilty to Defrauding Investors in Two Cases Involving Bitwise Industries and Voyager Pacific Capital Management Totaling $45 Million in Losses,FBI - National,2026-04-20,1,167.0,167,167
3b5035e2b762ab,Alabama Man Sentenced to Eight Years in Federal Prison for Leadership Role in Alien Smuggling Organization,FBI - National,2026-04-10,1,167.0,167,167
3b7a805779860f,Veterinarian Arrested for Sending Threatening Text Message and Transporting Minors in Interstate Commerce with the Intent to Engage in Sexual Acts,FBI - National,2026-04-13,1,163.0,163,163
3c12ed427dccd3,Hastings Woman Sentenced to More Than 26 Years for Conspiracy to Distribute Controlled Substances and Gun Charge,FBI - National,2026-04-06,1,151.0,151,151
3c535dc48b573c,Wilmington Man Indicted After Machinegun and Manifesto Are Found,FBI - National,2026-04-20,1,157.0,157,157
3df9141b25d144,South Charleston Woman Sentenced to Prison for Role in Kanawha County Drug Trafficking Organization,FBI - National,2026-03-09,1,162.0,162,162
429abe5faf8723,Inland Empire Man Federally Charged with Deliberately Setting Fires That Destroyed Massive Warehouse in Ontario,FBI - National,2026-04-10,1,167.0,167,167
42cb05fc1606a5,Indiana Man Who Targeted a Local Christian Church for Vandalism Sentenced to Federal Prison,FBI - National,2026-03-03,1,205.0,205,205
431db7e737e693,Farmington Woman Sentenced for Assault on Motorcyclist,FBI - National,2026-04-13,1,165.0,165,165
4377a5cb38623b,"Rochester Man Arrested, Charged with Production and Receipt of Child Pornography and Enticement of a Minor",FBI - National,2026-04-16,1,156.0,156,156
4395e712ea5f59,Former Gladwyne Entrepreneur Who Bilked Investors Out of Millions of Dollars Sentenced to Over Nine Years in Prison,FBI - National,2026-03-04,1,183.0,183,183
448d16f2af98aa,"FBI Offers Reward of Up To $10,000 for Information About the Homicide of Yunique Puckett",FBI - National,2026-03-06,1,423.0,423,423
45c14e5e5f8467,District of Arizona Charges 240 Individuals for Immigration-Related Criminal Conduct This Week,FBI - National,2026-04-17,1,176.0,176,176
464f1c689077f3,Raleigh Man Arrested for Child Sexual Exploitation,FBI - National,2026-03-10,1,187.0,187,187
47338ae0aa5b64,Repeat Offender Guilty of Armed Drug Trafficking in Columbus,FBI - National,2026-03-05,1,169.0,169,169
478a1cf0995a8b,Swiss Businessman Extradited to the United States Pleads Guilty to International Securities Fraud Scheme,FBI - National,2026-03-10,1,153.0,153,153
48a0f585ca577f,Former Ohio Senate Candidate Sentenced to Federal Prison for $4.5 Million Fraud Scheme,FBI - National,2026-04-09,1,160.0,160,160
48c90ebec01362,Alien Guilty of Using False Claim of Citizenship to Illegally Vote,FBI - National,2026-03-06,1,166.0,166,166
49df1ffa4ff96f,"Columbia, Missouri Doctor Arrested, Accused of Health Care Fraud, Illegally Prescribing Drugs",FBI - National,2026-04-22,1,158.0,158,158
4c0c2c79bd0555,Kenosha Man Pleads Guilty to Threatening to Murder Federal Officer,FBI - National,2026-03-06,1,215.0,215,215
4c1ab27a17ec0b,"Butler Man Pleads Guilty to Threatening to Assault and Murder President Trump, Other U.S. Officials, and Immigration and Customs Enforcement Agents",FBI - National,2026-04-13,1,183.0,183,183
4c73cd1a7a4935,Irwin Resident Pleads Guilty to Distributing and Possessing Child Sexual Abuse Material,FBI - National,2026-04-17,1,172.0,172,172
4d07bd2858f0bd,New Orleans Man Guilty of Drug Trafficking and Possession of Gun in Furtherance of Drug Trafficking,FBI - National,2026-04-20,1,172.0,172,172
4d4263427a6394,Pittsburgh Felon Pleads Guilty to Failing to Surrender for 10-Year Term of Imprisonment and Distributing Fentanyl and Heroin While a Fugitive,FBI - National,2026-03-10,1,167.0,167,167
4dc0849699902b,Illinois Man Pleads Guilty to Traveling to Zanesville to Engage in Sex Acts with Minor After Meeting Online,FBI - National,2026-04-07,1,152.0,152,152
4de896e91c8f55,Independence Man Charged after 24 Kilograms of Methamphetamine and Multiple Firearms Seized from Residence,FBI - National,2026-03-12,1,166.0,166,166
509bb10ec81e58,Justice Department Conducts Court-Authorized Disruption of DNS Hijacking Network Controlled by a Russian Military Intelligence Unit,FBI - National,2026-04-07,1,201.0,201,201
512fb85fa0301d,Memphis Resident Sentenced for Federal Kidnapping,FBI - National,2026-04-09,1,157.0,157,157
51f515596f5231,District Resident Charged with Producing Child Pornography,FBI - National,2026-04-07,1,171.0,171,171
528a0494822ae4,"Canyon Country Man Pleads Guilty to Federal Charges, Including Facilitating Crime Tourism Group That Burgled Its Way Through U.S.",FBI - National,2026-04-20,1,218.0,218,218
52dc6be7d9a276,Former Executive of Chicago-Area Nonprofit Sentenced to Prison for $1.9 Million Fraud Schemes,FBI - National,2026-04-08,1,180.0,180,180
54660e47bcfc04,U.S. Authorities Conduct Cyber Operations as Part of Global Crackdown on DDoS-for-Hire Services,FBI - National,2026-04-16,1,168.0,168,168
575487d87259d3,Tennessee Man Who Was Found in Florida with Missing Ohio Teen Charged with Transporting a Minor to Engage in Sexual Activity,FBI - National,2026-04-09,1,163.0,163,163
58304c723835eb,Carter County Resident Sentenced for Robbery and Felony Assault,FBI - National,2026-03-05,1,176.0,176,176
5886bb30a1585b,Alabama Man Pleads Guilty to Enticement of a Minor,FBI - National,2026-04-06,1,162.0,162,162
5a6454fb4aeb64,"Binghamton Man Charged for Threats to President, ICE Agents",FBI - National,2026-03-10,1,158.0,158,158
5a82cee3b0f283,DC Solar Accountant is Last to Be Sentenced for the DC Solar Billion-Dollar Ponzi Scheme,FBI - National,2026-04-13,1,168.0,168,168
5c0d3c0ea3dd3e,Longtime Bucks County Teacher Sentenced to Seven-and-a-Half Years in Prison for Child Pornography Offenses,FBI - National,2026-04-14,1,176.0,176,176
5d00d81a5a62cc,Farmington Man Pleads Guilty to Federal Firearms Charge After Armed Carjacking,FBI - National,2026-04-13,1,161.0,161,161
5d37445c0abde6,Operation Winter SHIELD: FBI Philadelphia on Protecting the Transportation and Logistics,FBI - National,2026-03-03,1,179.0,179,179
5dcf19f1a4ce3c,FBI Releases New Guidance to Help Health Care Organizations Prevent Targeted Violence,FBI - National,2026-03-09,1,170.0,170,170
5f5aa6e3569e0e,"First Assistant U.S. Attorney, FBI SAC Warn Residents of Scam Calls",FBI - National,2026-04-14,1,204.0,204,204
5f9edc2e968fe0,Wilkinsburg Resident Sentenced Following Guilty Plea for Stealing From Another Passenger During Flight,FBI - National,2026-04-08,1,181.0,181,181
629ce404e51639,Former Financial Advisor Sentenced to Five Years in Prison for Running $8.6 Million Ponzi Scheme,FBI - National,2026-04-07,1,155.0,155,155
6311dd58f1447c,Defendant Charged with Damaging the Brooklyn Headquarters of the Chabad-Lubavitch Movement,FBI - National,2026-03-02,1,199.0,199,199
65648e153d445d,"South Carolinians Lose $264 Million to Cybercrime, According to Newly Released 2025 Annual IC3 Report",FBI - National,2026-04-10,1,244.0,244,244
662c19b464566c,FBI Jacksonville Warns Public to Beware of Scammers Impersonating FBI Special Agents in North Florida,FBI - National,2026-04-20,1,244.0,244,244
66673835366329,"FBI Albany, Binghamton Police Announce $50,000 Reward in Aliza Spencer Case",FBI - National,2026-04-14,1,164.0,164,164
67a4fe109732b9,"Open Letter to Parents, Guardians, and Caregivers",FBI - National,2026-04-22,1,224.0,224,224
68b22293540aab,New Jersey Man Pleads Guilty in Threatening Red Mass Attendees at St. Matthews Cathedral,FBI - National,2026-03-05,1,162.0,162,162
698004fc013f61,"Repeat Sex Offender Sentenced to 10 Years in Prison for Receipt, Distribution, and Possession of Child Sexual Abuse Materials",FBI - National,2026-03-06,1,170.0,170,170
6b204f8cc49203,Ten Most Wanted Fugitive Samuel Ramirez Jr. Apprehended in Mexico,FBI - National,2026-03-12,1,259.0,259,259
6b6771ba5363de,Par Funding Pleads Guilty to Defrauding Investors,FBI - National,2026-03-09,1,344.0,344,344
6b7f2ab077d919,Leader of Chicago Street Gang Sentenced to Life in Prison for Participating in Racketeering Conspiracy Involving Multiple Murders,FBI - National,2026-04-21,1,191.0,191,191
6ba30fe0207d28,British National Pleads Guilty to Hacking Into Companies and Stealing at Least $8 Million in Virtual Currency,FBI - National,2026-04-17,1,160.0,160,160
6f0e33a6ec6def,Justice Department Announces Compensation Process for OneCoin Fraud Victims with Funds Recovered Through Asset Forfeiture,FBI - National,2026-04-13,1,158.0,158,158
708fe500e2d024,Three Sentenced in Methamphetamine Trafficking Conspiracy,FBI - National,2026-03-12,1,201.0,201,201
70de91b755b4c8,Two Illegal Aliens From Mexico Sentenced to Decades in Federal Prison for Drug Trafficking in West Tennessee,FBI - National,2026-04-10,1,180.0,180,180
722efd5da738eb,Houston Man Gets 20 Years for Sex Trafficking Minor,FBI - National,2026-03-02,1,154.0,154,154
7331a79ec1a0f4,Kentucky Man Sentenced to Prison for Fentanyl Crime,FBI - National,2026-03-03,1,161.0,161,161
76ba58d45174a5,Shreveport Man Indicted by Federal Grand Jury for Stalking and Threatening Speaker of the House of Representatives and Threatening President of the United States,FBI - National,2026-03-06,1,182.0,182,182
77f7176a44c60f,Venezuelan Nationals Charged with ‘Jackpotting’ Scheme to Steal Cash From Bank ATMs,FBI - National,2026-03-06,1,170.0,170,170
7803b6ecbdeb48,Columbia Woman Who Coerced Minor Boy to Engage in Sex Sentenced to 20 Years in Federal Prison,FBI - National,2026-03-12,1,171.0,171,171
783163e241b346,Prior Felon Arrested on Gun Charge,FBI - National,2026-04-20,1,173.0,173,173
78662fa4ed4b36,Quemado Man Pleads Guilty to Federal Firearm Offense,FBI - National,2026-04-13,1,161.0,161,161
7a8d73dbd55804,"Former Carlyle Police Chief Accused of Embezzling More Than $100,000",FBI - National,2026-03-04,1,160.0,160,160
7bd45c2f1fdde9,Dark Web Fentanyl Distributor Sentenced to 42 Months in Prison,FBI - National,2026-03-05,1,158.0,158,158
7be28c0eec3afe,"FBI, Colerain Police, and BCI Announce Safe Rescue of Missing Teen",FBI - National,2026-03-13,1,194.0,194,194
7c576e1678bc19,Fraudster Sentenced to Federal Prison for COVID-19 and Bankruptcy Schemes,FBI - National,2026-03-10,1,388.0,388,388
7c72fb173110d9,Evading Residential Proxy Networks: Protecting Your Devices from Becoming a Tool for Criminals,FBI - National,2026-03-12,1,202.0,202,202
7c97473f52c2bf,Man Sentenced to 10 Years for Carjacking a Cabdriver at Gunpoint,FBI - National,2026-04-10,1,165.0,165,165
7cd8e4539dce6b,Clayton Chiropractor Sentenced to 100 Months in Prison,FBI - National,2026-04-15,1,151.0,151,151
7cdb9b971588c7,"Cuban Man Sentenced for Cocaine Distribution Conspiracy, Possession with Intent to Distribute",FBI - National,2026-04-09,1,175.0,175,175
7d94742e60ef86,Four Houston Gang Members Guilty of Conspiracy to Commit Bank Robberies and Juggings,FBI - National,2026-03-09,1,186.0,186,186
7da8963a546170,High-Level Guatemalan Cocaine Trafficker Sentenced to 10 Years,FBI - National,2026-04-17,1,159.0,159,159
7e08c4f440ccfa,Boone County Man Sentenced for Distribution of Child Pornography,FBI - National,2026-03-13,1,158.0,158,158
7eb32075dd1ad8,Iranian-Affiliated Cyber Actors Exploit Programmable Logic Controllers Across U.S. Critical Infrastructure,FBI - National,2026-04-07,1,599.0,599,599
7f53320eb0c7e5,Bangladeshi National Returned to the United States in International Sextortion Case,FBI - National,2026-03-05,1,160.0,160,160
8082257232271c,Federal Jury Finds Former San Diego County Sheriff’s Deputy Guilty in Fatal Shooting of Unarmed Fleeing Arrestee,FBI - National,2026-03-03,1,152.0,152,152
80ba9270e34312,Illegal Alien Sentenced to 13 Years in Prison for Child Pornography Offense and Illegal Reentry,FBI - National,2026-04-13,1,157.0,157,157
8123ace894a043,"Alleged Boss of Violent Sinaloa Cartel Indicted on Drug, Firearm, and Material Support of Terrorism Charges",FBI - National,2026-03-03,1,161.0,161,161
82a1f5c6c94382,"Detroit Man Sentenced to Five Years in Prison for Role in Interstate Drug Trafficking Operation Involving Large Quantities of Fentanyl, Heroin, and Cocaine",FBI - National,2026-04-07,1,165.0,165,165
835118fc8dbd3d,Alien Drug Trafficker from Colombia Sentenced to Five Years’ Imprisonment,FBI - National,2026-04-16,1,151.0,151,151
8405597a56738d,Hillsville Man to Serve 156 Months for Sexually Exploiting Children Online,FBI - National,2026-04-06,1,163.0,163,163
84db0feecfc0aa,Alleged Tren de Aragua Gang Members Charged in Connection with ATM Jackpotting Scheme,FBI - National,2026-03-03,1,182.0,182,182
84f426c15b6bdb,Texas Man Who Orchestrated $20 Million Cryptocurrency Scam Sentenced to 23 Years in Prison,FBI - National,2026-04-16,1,164.0,164,164
85794032dbe94e,"Illegal Alien from Mexico Indicted After Agents Seized Large Quantities of Narcotics, Including 22 Pounds of Fentanyl Powder",FBI - National,2026-03-12,1,162.0,162,162
8639c742214743,Muskegon Man Involved in Shooting Sentenced to 15 Years in Prison,FBI - National,2026-03-11,1,171.0,171,171
868764ac198440,Ghanaian National Pleads Guilty to Stealing More Than $10 Million Via Romance Scams,FBI - National,2026-03-05,1,155.0,155,155
86dd624755bf45,Two Men Sentenced for Kidnapping St. Louis County Toddler,FBI - National,2026-03-12,1,154.0,154,154
8814365b891c11,Justice Department Conducts Court-Authorized Disruption of DNS Hijacking Network Controlled by a Russian Military Intelligence Unit,FBI - National,2026-04-07,1,375.0,375,375
89c31049ed3127,FBI Houston Seeks ‘Coverall Crook’ for Multiple Bank Robberies,FBI - National,2026-03-05,1,169.0,169,169
8b49f7c627c2b1,"Tallahassee Man Charged for Threats to Kill the President, Member of Congress, and Federal Reserve Chairman",FBI - National,2026-03-12,1,184.0,184,184
8c00fbc17f00a4,Second Man Charged with Murder Relating to Methamphetamine Trafficking,FBI - National,2026-03-10,1,206.0,206,206
8d98175bd1cc0f,Career Offender Sentenced to 20 Years in Prison for Federal Drug and Firearms Charges,FBI - National,2026-04-09,1,167.0,167,167
8db2118d61ab72,Stafford Man Sentenced to Life in Prison for Child Sexual Abuse Crimes He Committed While on Supervised Release for Previous Convictions,FBI - National,2026-03-11,1,188.0,188,188
902ed8f7eab350,Retired Massachusetts State Police Sergeant Agrees to Plead Guilty to PPP Fraud,FBI - National,2026-04-10,1,173.0,173,173
91975edf206e83,Clearwater Man Sentenced to More Than Seven Years in Prison for Distributing and Possessing Child Sexual Abuse Material,FBI - National,2026-04-09,1,160.0,160,160
92673a426c4f1f,Ghanaian National Sentenced to Prison for Two Years for $1M Romance Scam,FBI - National,2026-03-06,1,195.0,195,195
9349e6b87111dc,Final Defendant in Large York County Drug Conspiracy Sentenced to 15 Years in Federal Prison,FBI - National,2026-03-12,1,162.0,162,162
939e76c02b1d53,"Columbus Man Pleads Guilty to Cyberstalking Exes, Creating AI-Generated Obscene Material of Adults and Children",FBI - National,2026-04-07,1,154.0,154,154
95068190ca5100,Border Enforcement Efforts Result in Another 354 People Charged in SDTX,FBI - National,2026-04-10,1,153.0,153,153
9536cfe0e6c19f,Former Manager of Lafayette Medical Clinic Pleads Guilty to Embezzling More Than $500k From Employer,FBI - National,2026-03-18,1,158.0,158,158
9637eaeb8bf443,New Hampshire Man Indicted for Cyberstalking and Child Sexual Exploitation,FBI - National,2026-04-14,1,160.0,160,160
9670e5440bfc4b,Illegal Alien From El Salvador Charged with Assault on a Federal Officer with a Deadly Weapon,FBI - National,2026-04-14,1,159.0,159,159
96d0712efeb532,California Siblings Convicted of Drug Conspiracy Charges,FBI - National,2026-03-05,1,153.0,153,153
97142a2a01b5d9,IU Biology Researcher Pleads Guilty to Smuggling E. coli DNA From China Concealed in Clothing Shipment,FBI - National,2026-04-10,1,227.0,227,227
974b113dd77771,FBI Provides Update on March 1 Austin Shooting Investigation,FBI - National,2026-03-06,1,223.0,223,223
987c5e4e6ff653,Kauai Man Sentenced to Federal Prison and Ordered to Repay $1.4 Million for Stealing From Federal COVID-19 Relief Program,FBI - National,2026-04-17,1,164.0,164,164
98cb6822e649cb,West Mifflin Felon Charged with Unlawful Possession of Ammunition,FBI - National,2026-03-10,1,159.0,159,159
98ed55bc65e2eb,Former Assistant Superintendent and Former IT Director of Patterson Joint Unified School District Sentenced to Prison for Stealing Approximately $1.5 Million in Embezzlement Scheme,FBI - National,2026-03-03,1,182.0,182,182
9c0525c0552ae4,Muskogee Resident Sentenced for Assault Resulting in Serious Bodily Injury,FBI - National,2026-04-09,1,168.0,168,168
9c1a48a67b2a08,Charlottesville Man Sentenced for Promoting Commercial Sex Ring,FBI - National,2026-04-14,1,164.0,164,164
9c4549ea1cd643,Man Federally Charged with Assaulting Officers at Dallas Love Field Security Checkpoint,FBI - National,2026-03-13,1,176.0,176,176
9db85332a5c96d,California Man Sentenced to Over Five Years in Federal Prison for Multimillion-Dollar Fraud Scheme Targeting More Than a Dozen Victims,FBI - National,2026-03-10,1,165.0,165,165
9ee128db41883a,Owner of Chicago-Area Convenience Stores Sentenced to Four Years in Prison for Defrauding Low-Income Food Program,FBI - National,2026-03-04,1,157.0,157,157
a1823647a6ecd7,Egyptian National Sentenced for Federal Firearms Offense,FBI - National,2026-04-16,1,163.0,163,163
a476593ed8663c,"Former Nye County Commissioner Indicted for COVID-19 Relief Fraud Totaling More Than $500,000",FBI - National,2026-03-11,1,174.0,174,174
a485e4df90516d,Six Charged in Sumter and Lee County Drug Trafficking Conspiracy,FBI - National,2026-04-15,1,188.0,188,188
a6c27d0f8a3b02,Billings Man Sentenced to Five Years in Prison for Sexual Abuse on the Crow Indian Reservation,FBI - National,2026-04-08,1,163.0,163,163
a89caf8b5c1107,Two Wild 100s Gang Members Convicted of Murder-for-Hire Resulting in Death,FBI - National,2026-03-05,1,176.0,176,176
aa3451ecea3164,Springfield Man Sentenced to Over 12 Years in Prison for Federal Hate Crime Violation,FBI - National,2026-03-03,1,151.0,151,151
aa85d4b69c5e9e,Former St. Louis Building Inspector Accused of $1.6 Million Fraud,FBI - National,2026-03-12,1,163.0,163,163
ab11537e4de5aa,Hays Woman Sentenced to 22 Months in Prison for Assault Resulting in Serious Bodily Injury,FBI - National,2026-03-11,1,153.0,153,153
abc2446ed5eee7,Member of Multi-State 'Smash-and-Grab' Crew Sentenced for Luxury Retail Burglary Spree,FBI - National,2026-04-07,1,155.0,155,155
ad166acb717794,"Five Alleged Drug Traffickers Indicted, Approximately 52 Pounds of Narcotics Seized by Homeland Security Task Force",FBI - National,2026-04-08,1,182.0,182,182
ad7eb5e2293371,Federal Charges Filed in Fatal Houston Heights Carjacking and Shooting,FBI - National,2026-03-10,1,168.0,168,168
af64ac81376fe8,FBI Washington Field Office Statement on the 19th Anniversary of the Abduction of Robert A. Levinson,FBI - National,2026-03-09,1,222.0,222,222
afbfc27f8c8908,York County Man Sentenced to 30 Years in Prison for Production of Child Pornography and Enticement of a Minor to Engage in Illegal Sexual Activity,FBI - National,2026-03-04,1,167.0,167,167
b2578bedeecaea,"Texas Man Sentenced for Monopolizing International Transit Industry, Fixing Prices, and Extorting Competitors",FBI - National,2026-03-13,1,297.0,297,297
b55d068f0118cf,Operation Spring Cleaning: Over 40 Arrests in Coordinated Multi-Agency Crackdown on Violent Crimes in North Alabama,FBI - National,2026-04-22,1,155.0,155,155
b57fbdf1f77185,"Three Crips Members Convicted of Racketeering, Murder, and Other Gang-Related Crimes",FBI - National,2026-04-09,1,176.0,176,176
b59368a32c9213,Previously Deported Mexican Drug Trafficker Sentenced in D.C. for Role in International Fentanyl Conspiracy,FBI - National,2026-03-06,1,170.0,170,170
b5bd12e23e4fd1,Sacramento Man Sentenced to 22 Years in Prison for Fentanyl Pill Trafficking That Resulted in an Overdose Death,FBI - National,2026-04-14,1,180.0,180,180
b69f70ceda64d5,"Former Loveland, Colorado, Police Department Officer Sentenced for Sexually Assaulting a Minor Child",FBI - National,2026-04-13,1,169.0,169,169
b885f2ab1e3fcd,Baltimore County Man Pleads Guilty to Bribing Former Baltimore City Finance Official,FBI - National,2026-03-05,1,157.0,157,157
b9121fd49a41d8,Bond County Methamphetamine Dealer Sentenced to Federal Prison,FBI - National,2026-03-02,1,154.0,154,154
b93cb1141edd69,Detroit Man Sentenced to 14 Years in Prison for Federal Drug Crime,FBI - National,2026-03-16,1,159.0,159,159
b96d38e79b33cc,"California Man Pleads Guilty to Stalking, Harassing, and Threatening Women in Rhode Island, Massachusetts, and Elsewhere",FBI - National,2026-04-13,1,189.0,189,189
b996ad47b32e6e,FBI Seeks Potential Victims of Victor Daniel “Danny” Almaguer,FBI - National,2026-04-14,1,169.0,169,169
b9c9da82259600,Former Baltimore Football Coach Sentenced for Overtime Fraud Scheme and Tax Evasion,FBI - National,2026-04-15,1,160.0,160,160
bb442f6659addf,Potomac Gardens Cocaine Dealer Sentenced to 12 Months for Role in Large-Scale Drug Trafficking Conspiracy,FBI - National,2026-04-14,1,152.0,152,152
bb4e4fbbf9c05b,U.S. Attorney’s Office Filed 126 Border-Related Cases This Week,FBI - National,2026-03-06,1,160.0,160,160
bb68af527752bc,Former OSBI Investigator Sentenced for Multiple Counts of Sexual Abuse of a Minor,FBI - National,2026-03-05,1,165.0,165,165
bc1b2d784f2f79,Waukesha Medical Equipment Company Agrees to Pay Nearly $7 Million to Resolve Allegations of False Billings to Federal Health Care Programs,FBI - National,2026-03-05,1,190.0,190,190
bca0bd54c0b828,Tucson Man Who Shot at Air and Marine Operations Helicopter Indicted for Attempted Murder of a Federal Officer,FBI - National,2026-03-03,1,164.0,164,164
bd4d16539c3a77,"Federal Grand Jury Charges Southern Poverty Law Center for Wire Fraud, False Statements, and Conspiracy to Commit Money Laundering",FBI - National,2026-04-21,1,231.0,231,231
bdaf67018c6402,Former CFO Sentenced to Two Years in Prison for $35 Million Theft From Start-Up Tech Firm,FBI - National,2026-03-05,1,161.0,161,161
be9778b066e218,Graduate Student From Colorado Indicted for Sexual Exploitation of Minors and Cyberstalking,FBI - National,2026-04-13,1,163.0,163,163
bf9946bf66bf92,DC Solar Attorney Sentenced to Over 11 Years in Prison for His Involvement in the DC Solar Billion Dollar Ponzi Scheme,FBI - National,2026-03-09,1,181.0,181,181
bfb332e626def0,"Brockton Man Sentenced to 12 Years in Prison for Selling Fentanyl, Multiple Machineguns, and Kilograms of Fentanyl Recovered During Searches",FBI - National,2026-03-05,1,187.0,187,187
c08c1c58d98ba1,Outlaw Motorcycle Gang Member Sentenced for Armed Assault Against Rival,FBI - National,2026-04-07,1,164.0,164,164
c0c22881912e50,Indictment Charges Investment Advisor with Defrauding Financial Services Companies of $3.3 Million,FBI - National,2026-03-03,1,159.0,159,159
c19c7a3cc1306e,U.S. Attorney’s Office Begins March with 187 New Immigration Cases in Western District of Texas,FBI - National,2026-03-09,1,189.0,189,189
c1f342ebd4d691,"Fugitive KaShawn Roper, Wanted for Second Degree Homicide, Added to the FBI’s List of Ten Most Wanted Fugitives",FBI - National,2026-04-14,1,258.0,258,258
c3207e9fcf4032,"Federal Correctional Officer Convicted of Bribery, Smuggling, and Drug Conspiracy",FBI - National,2026-04-06,1,161.0,161,161
c44d630129afaa,Illinois Woman Pleads Guilty to Distributing and Conspiring to Create and Distribute Animal Crush Videos Showing Violent Torture of Monkeys,FBI - National,2026-04-15,1,155.0,155,155
c6dbb108c74af2,Murder Investigation Leads to Federal Drug Trafficking and Firearms Charges,FBI - National,2026-03-13,1,155.0,155,155
c84275eaa59e99,MS-13 Members Sentenced to Decades in Federal Prison for Brutal Murders Committed at Direction of Gang Leaders in El Salvador,FBI - National,2026-04-21,1,158.0,158,158
c859d43944f8da,Philadelphia Correctional Officer and His Former Supervisor Convicted at Trial in Connection with Violation of Inmate’s Constitutional Rights,FBI - National,2026-03-04,1,173.0,173,173
c8ca196cefc956,Texas Man Faces Multiple Federal Charges Related to Attack on AI Company and Its CEO,FBI - National,2026-04-13,1,179.0,179,179
caea62c08a2672,Former Soldier Convicted of Physically and Sexually Assaulting Minors While Serving Abroad,FBI - National,2026-04-20,1,182.0,182,182
cce022a7e6d264,District of Arizona Charges 171 Individuals for Immigration-Related Criminal Conduct This Week,FBI - National,2026-04-10,1,175.0,175,175
cd3ebe00469c7e,Former Laguna Niguel Resident Sentenced to Seven Years in Federal Prison for Threatening to Kill Judge Who Presided Over His Family Law Case,FBI - National,2026-03-05,1,158.0,158,158
ceb5d4ba024bad,FBI and Partner Agencies Offer Support Resources to Victims of the Tragedy at Old Dominion University,FBI - National,2026-03-16,1,209.0,209,209
d130b4f5504e0f,Cocaine Dealer and Repeat Immigration Offender Sentenced to Federal Prison,FBI - National,2026-04-08,1,156.0,156,156
d30fd659639178,"Repeat Offender Sentenced to 15 Years for Drug Trafficking, Firearms Crimes",FBI - National,2026-04-17,1,155.0,155,155
d35b990e79f7c9,Schenectady Man Pleads Guilty to Distribution and Possession of Child Pornography,FBI - National,2026-03-04,1,153.0,153,153
d4e191bae16881,"Psychiatrist Reaches Civil Settlement of $360,000 to Resolve Allegations of False Claims to Federal Health Care Programs",FBI - National,2026-03-09,1,171.0,171,171
d68142871f2649,High Museum of Art’s Former Chief Operating Officer Charged with Embezzlement,FBI - National,2026-04-14,1,160.0,160,160
d8f3574ac26dec,New Jersey Pharmacy Owner Sentenced to 24 Months in Prison for Health Care Fraud Scheme,FBI - National,2026-04-17,1,158.0,158,158
d94200f2176f22,Lieutenant in Large-Scale Drug Trafficking Operation Sentenced to Over Four Years in Federal Prison,FBI - National,2026-03-05,1,172.0,172,172
d97289aa98a332,Convicted Felon Who Opened Fire on Abilene Police Officers Sentenced to 15 Years in Federal Prison,FBI - National,2026-03-06,1,157.0,157,157
da81682d248934,"Four Law Enforcement Officers From Northern Ohio Graduate From the FBI National Academy in Quantico, VA",FBI - National,2026-04-06,1,171.0,171,171
daff153fb88244,Lubbock Chapter President of the Bandidos Motorcycle Club Charged with Methamphetamine Distribution,FBI - National,2026-03-04,1,155.0,155,155
db7377c7208a3f,Convicted Sex Offender Receives Multiple Life Sentences in Prison,FBI - National,2026-04-21,1,152.0,152,152
db7eb05e656ab6,Three 18th Street Gang Leaders Sentenced to Over 115 Years in Prison for Racketeering Conspiracy,FBI - National,2026-04-07,1,158.0,158,158
db9f3f1e34551b,Sexual Predator Sentenced to 135 Months in Prison for Enticement of a Minor—Currently Awaiting Trial on State Murder Charges,FBI - National,2026-04-14,1,183.0,183,183
dcb30fb5702f7a,United States Files Civil Forfeiture Complaints Against $15M in Funds Allegedly Linked to Iranian Oil Shipping Network,FBI - National,2026-03-06,1,346.0,346,346
dd3904a823a597,Leader of ATM Jackpotting Conspiracy that Funneled Money to Tren de Aragua Added to the FBI’s List of Ten Most Wanted Fugitives,FBI - National,2026-03-12,1,220.0,220,220
ddbcd9051982a1,Indiana Youth Minister Linked to Imprisoned Kentucky School Superintendent Sentenced to Nine Years in Federal Prison for Child Exploitation,FBI - National,2026-03-06,1,161.0,161,161
df4e8e1c21db92,"Illegal Alien Sentenced for Cartel-Linked Conspiracy to Smuggle Over 1,900 Aliens",FBI - National,2026-04-08,1,180.0,180,180
e067ea804da82d,"FBI Chicago Announces Reward of Up to $50,000 for Information Leading to Arrest and Conviction of Joseph “Troubles” Matos",FBI - National,2026-04-21,1,232.0,232,232
e0bcfa807ef583,D.C. Dentist and Hygienist Found Guilty in Scheme to Defraud D.C. Medicaid of $4 Million,FBI - National,2026-03-04,1,172.0,172,172
e0e471e9dc71ef,Two Defendants Involved in Pharmacy Burglary Ring Across Multiple States are Sentenced to Serve a Combined Time of More Than 25 Years in Federal Prison,FBI - National,2026-03-12,1,178.0,178,178
e14391213ea8f5,Former Florissant Police Officer Sentenced to 24 Months in Prison for Searching Women’s Phones for Nude Images,FBI - National,2026-03-11,1,151.0,151,151
e1d8fb4af1dec0,Career Offender Sentenced to Over 22 Years in Federal Prison for Methamphetamine Trafficking and Firearms Offenses,FBI - National,2026-04-13,1,178.0,178,178
e21a1cec8d73d0,Orange County Man Pleads Guilty to Orchestrating Fraud Scheme That Submitted Nearly $270 Million in Bogus Claims to Medi-Cal,FBI - National,2026-04-07,1,174.0,174,174
e2401a901e4097,Hartford Man Sentenced to Five Years in Federal Prison for Drug Trafficking Offenses,FBI - National,2026-03-10,1,152.0,152,152
e3159b5f5ef1b2,Former Executive from Marlborough Sentenced to Two Years in Prison for Conspiracy to Defraud the IRS and Obstruction of Justice,FBI - National,2026-04-07,1,158.0,158,158
e7945b01641b59,Antifa Cell Members Convicted in Prairieland ICE Detention Center Shooting,FBI - National,2026-03-13,1,234.0,234,234
e8b658d1cb5802,Buffalo Man Pleads Guilty to COVID Fraud,FBI - National,2026-04-21,1,170.0,170,170
e938c18dd70418,Chinese Telecommunications Company Fined $50 Million for Conspiring to Steal Technology from Motorola Solutions,FBI - National,2026-03-09,1,188.0,188,188
e97fe09d43ce39,Rowan County Man Sentenced for Methamphetamine and Fentanyl Trafficking,FBI - National,2026-04-13,1,164.0,164,164
ea2b75751da3de,Utqiagvik Man Sentenced to 18 Years for Producing Child Pornography,FBI - National,2026-04-08,1,161.0,161,161
ea7a734c465a6f,Woodbridge Drug Trafficker Sentenced to Over 21 Years in Prison for His Role in Fentanyl and Cocaine Conspiracy,FBI - National,2026-03-05,1,369.0,369,369
eb6f515333916c,FBI Louisville Honors Children’s Advocacy Centers of Kentucky with National Award,FBI - National,2026-03-06,1,158.0,158,158
ec7006ea324c9b,"Browning Attorney Fined $100,000 for Making a False Statement to Federal Law Enforcement",FBI - National,2026-04-15,1,170.0,170,170
edca69a8fcebd4,Former FBI Most Wanted Fugitive Admits Child Sex Trafficking,FBI - National,2026-04-09,1,182.0,182,182
edeb392aa54582,Four Operation Mobile Order Defendants Sentenced to Prison,FBI - National,2026-03-03,1,162.0,162,162
ee13fcc4126ed0,Iranian National Living in San Fernando Valley Arrested on Federal Complaint Charging Her with Selling Weapons for Iran’s Government,FBI - National,2026-04-20,1,162.0,162,162
f1076ebd2c3f78,Two Former NYPD Officers Charged with Federal Civil Rights Violations,FBI - National,2026-03-10,1,157.0,157,157
f292bc577233ce,U.S. Attorney’s Office Filed 111 Border-Related Cases This Week,FBI - National,2026-04-10,1,202.0,202,202
f365575bcbd929,Two Sentenced to Over 46 Years for Drug Murder,FBI - National,2026-04-10,1,188.0,188,188
f44e7731b426d8,Roanoke Woman Sentenced in Paycheck Protection Fraud Scheme,FBI - National,2026-03-11,1,222.0,222,222
f5ee0343f0ef1d,"Lawyer Charged with Attempted Extortion of Former Client and Client’s Son Over Alleged $500,000 Debt",FBI - National,2026-03-14,1,163.0,163,163
f78d0e128dd2da,"Another Week, Another Nearly 400 More Charged in SDTX’s Relentless Border-Enforcement Efforts",FBI - National,2026-03-06,1,228.0,228,228
f81cfec6848283,Biloxi Man Sentenced to 10 Years in Prison and a Lifetime of Supervised Release for Possession of Images of Minors Engaging in Sexually Explicit Conduct,FBI - National,2026-03-06,1,175.0,175,175
f8c03fd39d6d49,U.S. Attorney’s Office Filed 143 Border-Related Cases This Week,FBI - National,2026-04-17,1,160.0,160,160
f8c26012159860,Rockland County Man Pleads Guilty to Defrauding Investors in Investment Scheme,FBI - National,2026-03-11,1,156.0,156,156
f935457c8a077b,Asian Boyz Gang Member and Second Gang Associate From Lowell Plead Guilty to Methamphetamine Pill Trafficking Conspiracy,FBI - National,2026-04-10,1,160.0,160,160
f95b09d83e55bd,South Carolina Couple Sentenced for Cyberstalking Scheme That Targeted Vulnerable Victim and His Family,FBI - National,2026-03-12,1,154.0,154,154
f96a4d538aeb8c,Attempted Carjacking at Suburban Chicago Gas Station Leads to Nearly Six-Year Prison Sentence,FBI - National,2026-04-14,1,160.0,160,160
fa933b2e568904,Two More Defendants Plead Guilty in Feeding Our Future Fraud Scheme,FBI - National,2026-04-09,1,153.0,153,153
fd93771c5f6840,Grand Jury Indicts Lockport Man on Charges of Enticement of a Minor and Production and Possession of Child Pornography,FBI - National,2026-04-16,1,165.0,165,165
fdd01518df7c7a,Man Pleads Guilty to Suborning Perjury in Federal Court,FBI - National,2026-04-10,1,160.0,160,160
fdea61e79b853f,"Texas Man Sentenced for Monopolizing International Transit Industry, Fixing Prices, and Extorting Competitors",FBI - National,2026-03-03,1,260.0,260,260
ffa1c718f338a3,Former Army Employee and Top Secret Clearance Holder Arrested and Charged with Leaking Classified National Defense Information,FBI - National,2026-04-08,1,163.0,163,163
