doc_id,url,title,published_raw,body_1,source,published,date,published_year,published_month,fraud_tags,fraud_signals
7734181c6814d1,https://www.outseer.com/blog/notable-fraud-trends-in-2022-insights-from-outseer-fraudactions-threat-intelligence-team/,Notable Fraud Trends in 2022: Insights from Outseer FraudAction’s Threat Intelligence Team,2025-09-15,"Recent Articles Five Principles for Effective Real-Time Money Mule Detection in Fraud Prevention The New Era of Phishing: AI on Both Sides of the Battle Why False Pretenses Matter in the Fight Against Payment Scams 2026 Nacha Rule Change: Proactive Fraud Monitoring of ACH Now a Requirement The State of Global Scam Prevention: Regulatory Gaps, FI Challenges, and Solutions for 2026",Outseer,2025-09-15 00:00:00+00:00,2025-09-15,2025.0,9.0,"[""consumer_fraud"", ""cybercrime"", ""money_laundering""]","{""urls"": [], ""domains"": [], ""emails"": [], ""phones"": [], ""ip_addresses"": [], ""crypto_wallets"": []}"
f46c758f6d3878,https://www.outseer.com/blog/insights-from-outseers-global-fraud-scams-trends-report/,Insights from Outseer’s Global Fraud & Scams Trends Report,2025-09-11,"Recent Articles Five Principles for Effective Real-Time Money Mule Detection in Fraud Prevention The New Era of Phishing: AI on Both Sides of the Battle Why False Pretenses Matter in the Fight Against Payment Scams 2026 Nacha Rule Change: Proactive Fraud Monitoring of ACH Now a Requirement The State of Global Scam Prevention: Regulatory Gaps, FI Challenges, and Solutions for 2026",Outseer,2025-09-11 00:00:00+00:00,2025-09-11,2025.0,9.0,"[""consumer_fraud"", ""cybercrime"", ""money_laundering""]","{""urls"": [], ""domains"": [], ""emails"": [], ""phones"": [], ""ip_addresses"": [], ""crypto_wallets"": []}"
a1902a51e8db69,https://www.outseer.com/blog/fraud-monitoring/,Fraud Monitoring: Why Every Company Needs It,2025-09-10,"Recent Articles Five Principles for Effective Real-Time Money Mule Detection in Fraud Prevention The New Era of Phishing: AI on Both Sides of the Battle Why False Pretenses Matter in the Fight Against Payment Scams 2026 Nacha Rule Change: Proactive Fraud Monitoring of ACH Now a Requirement The State of Global Scam Prevention: Regulatory Gaps, FI Challenges, and Solutions for 2026",Outseer,2025-09-10 00:00:00+00:00,2025-09-10,2025.0,9.0,"[""consumer_fraud"", ""cybercrime"", ""money_laundering""]","{""urls"": [], ""domains"": [], ""emails"": [], ""phones"": [], ""ip_addresses"": [], ""crypto_wallets"": []}"
3f4a54eaea6bd5,https://www.outseer.com/blog/uk-scams-social-engineering-and-app-fraud/,"How Outseer Safeguards Against UK Scams, Social Engineering, and Authorized Push Payment (APP) Fraud",2025-09-10,"Recent Articles Five Principles for Effective Real-Time Money Mule Detection in Fraud Prevention The New Era of Phishing: AI on Both Sides of the Battle Why False Pretenses Matter in the Fight Against Payment Scams 2026 Nacha Rule Change: Proactive Fraud Monitoring of ACH Now a Requirement The State of Global Scam Prevention: Regulatory Gaps, FI Challenges, and Solutions for 2026",Outseer,2025-09-10 00:00:00+00:00,2025-09-10,2025.0,9.0,"[""consumer_fraud"", ""cybercrime"", ""money_laundering""]","{""urls"": [], ""domains"": [], ""emails"": [], ""phones"": [], ""ip_addresses"": [], ""crypto_wallets"": []}"
6ac4c899cfe76a,https://www.outseer.com/blog/outseer-3-d-secure-empowering-the-fight-against-scams/,Unlock the Power of Outseer 3-D Secure ACS: Empowering the Fight Against Scams,2025-09-10,"Recent Articles Five Principles for Effective Real-Time Money Mule Detection in Fraud Prevention The New Era of Phishing: AI on Both Sides of the Battle Why False Pretenses Matter in the Fight Against Payment Scams 2026 Nacha Rule Change: Proactive Fraud Monitoring of ACH Now a Requirement The State of Global Scam Prevention: Regulatory Gaps, FI Challenges, and Solutions for 2026",Outseer,2025-09-10 00:00:00+00:00,2025-09-10,2025.0,9.0,"[""consumer_fraud"", ""cybercrime"", ""money_laundering""]","{""urls"": [], ""domains"": [], ""emails"": [], ""phones"": [], ""ip_addresses"": [], ""crypto_wallets"": []}"
8b62f57cd86464,https://www.outseer.com/blog/scam-mitigation-quick-guide-your-journey-to-protection/,Scam Mitigation Quick Guide: Your Journey to Protection,2025-09-15,"Recent Articles Five Principles for Effective Real-Time Money Mule Detection in Fraud Prevention The New Era of Phishing: AI on Both Sides of the Battle Why False Pretenses Matter in the Fight Against Payment Scams 2026 Nacha Rule Change: Proactive Fraud Monitoring of ACH Now a Requirement The State of Global Scam Prevention: Regulatory Gaps, FI Challenges, and Solutions for 2026",Outseer,2025-09-15 00:00:00+00:00,2025-09-15,2025.0,9.0,"[""consumer_fraud"", ""cybercrime"", ""money_laundering""]","{""urls"": [], ""domains"": [], ""emails"": [], ""phones"": [], ""ip_addresses"": [], ""crypto_wallets"": []}"
673444e1776a3f,https://www.outseer.com/blog/following-the-fraud-new-research-about-money-mule-networks/,Following the Fraud: What New UK Research Reveals About Money Mule Networks,,"Recent Articles Five Principles for Effective Real-Time Money Mule Detection in Fraud Prevention The New Era of Phishing: AI on Both Sides of the Battle Why False Pretenses Matter in the Fight Against Payment Scams 2026 Nacha Rule Change: Proactive Fraud Monitoring of ACH Now a Requirement The State of Global Scam Prevention: Regulatory Gaps, FI Challenges, and Solutions for 2026",Outseer,,,,,"[""consumer_fraud"", ""cybercrime"", ""money_laundering""]","{""urls"": [], ""domains"": [], ""emails"": [], ""phones"": [], ""ip_addresses"": [], ""crypto_wallets"": []}"
df5a9f2c85dfd5,https://www.outseer.com/blog/new-era-of-phishing-ai-both-sides/,The New Era of Phishing: AI on Both Sides of the Battle,,"Recent Articles Five Principles for Effective Real-Time Money Mule Detection in Fraud Prevention The New Era of Phishing: AI on Both Sides of the Battle Why False Pretenses Matter in the Fight Against Payment Scams 2026 Nacha Rule Change: Proactive Fraud Monitoring of ACH Now a Requirement The State of Global Scam Prevention: Regulatory Gaps, FI Challenges, and Solutions for 2026",Outseer,,,,,"[""consumer_fraud"", ""cybercrime"", ""money_laundering""]","{""urls"": [], ""domains"": [], ""emails"": [], ""phones"": [], ""ip_addresses"": [], ""crypto_wallets"": []}"
030d6a464355c3,https://www.outseer.com/press-release/real-time-payments-and-app-fraud-emerging-globally/,Real-time Payments and APP Fraud Emerging Globally According to New Aite-Novarica Group and Outseer Report,2023-06-04,"BEDFORD, MA – May 10, 2023 – Outseer, a leading provider of digital fraud prevention and customer authentication solutions, announced today the availability of new global research conducted by the Aite-Novarica Group focused on global trends in real-time payments (RTP) and associated fraud. The research shows that 71% of financial institutions (FIs) indicated an increase in consumer account takeover (ATO) using RTP rails from 2021 to 2022, and 62% of financial institutions said that consumer authorized push payment (APP) fraud via RTP rails had increased in the same period. 57% of FIs indicated mule account activity over RTP rails was up in 2022 vs. 2021. “A layered approach for fraud mitigation that combines authentication and payment fraud prevention is more important than ever to effectively mitigate RTP fraud,” says John Filby, Outseer CEO. Additional insights and recommendations include: Learn more about the study findings and how the Outseer platform can help your organization mitigate RTP fraud by getting a copy of the report, Faster Payments, Faster Fraud , or register for the June 6th webinar with Julie Conroy, Aite-Novarica Group’s Head of Risk Insights and Advisory, and Scott Olson, CMO of Outseer. Aite-Novarica Group report, sponsored by Outseer, surveyed fraud executives at large FIs in February and March 2023 in Brazil, Canada, India, the U.K., and the U.S. to understand the trends associated with fraud on faster payment rails. Aite-Novarica Group augmented these efforts by examining the progression of faster payments in each market. Outseer is the global market leader in fraud prevention solutions that enable financial institutions to reduce fraud losses and operational costs while improving customer experience. Leveraging our 20-year history as RSA Fraud & Risk Intelligence, Outseer continues to innovate, protecting digital transactions from ever-evolving fraud threats. Outseer achieves this through our experienced global team, with employees in over 15 countries. Our proven AI-based platform leverages unique data science built on decades of global transaction data, including our proprietary consortium data, and intelligently orchestrates diverse data signals and authentication flows. Trusted by thousands of customers in over 50 countries, including hundreds of the world’s largest financial institutions, our solutions safeguard millions of accounts, billions of transactions, and trillions of dollars annually. Outseer is backed by established private equity investors that share our vision for liberating the world from transaction fraud. To learn more about how Outseer delivers fraud solutions that Stop Fraud Not Customers ® , visit outseer.com . Aite-Novarica Group is an advisory firm providing mission-critical insights on technology, regulations, markets, and operations to hundreds of banks, insurers, payments providers, and investment firms—as well as the technology and service providers that support them. Comprising former senior technology, strategy, and operations executives as well as experienced researchers and consultants, our experts provide actionable advice to our client base, leveraging deep insights developed via our extensive network of clients and other industry contacts. Visit us on the web and connect with us on LinkedIn . Outseer Media Contacts: Scott Olson scott.olson@outseer.com",Outseer,2023-06-04 00:00:00+00:00,2023-06-04,2023.0,6.0,"[""identity_fraud"", ""money_laundering""]","{""urls"": [], ""domains"": [], ""emails"": [""scott.olson@outseer.com""], ""phones"": [], ""ip_addresses"": [], ""crypto_wallets"": []}"
6927bb2a876382,https://www.outseer.com/press-release/outseer-fraudaction-introduces-intelligence-alerts-to-dashboard-intelligence-feeds/,Outseer FraudAction Introduces Intelligence Alerts to Dashboard Intelligence Feeds,,"BEDFORD, MA – November 13, 2023 – Outseer, a leading provider in solutions that defend against fraud, today announced enhancements to its FraudAction dashboard. This update includes new Intelligence Alerts, with deeper intelligence from the Outseer Anti-Fraud Command Center (AFCC). The new alerts will aid fraud advisors in providing more detailed reports based on customer-specific investigations. With access to this intelligence, financial institutions can make better-informed decisions regarding their risk management strategies, for more effective mitigation of potential threats and vulnerabilities. With this update, the new category, called “Intelligence Alerts,” is introduced in the Intelligence Feeds search section in the FraudAction Dashboard. These alerts are reports on findings retrieved during customer-specific investigations within fraud and cybercriminal communication channels and open sources. FraudAction customers can download the Intelligence Alerts files for each record separately for offline investigation. The new Intelligence Alerts ensure that the intelligence gathered by the AFCC is timely, relevant, and actionable for each individual customer, therefore addressing their unique threat landscape. By receiving these Intelligence Alerts, financial institutions can detect potential threats earlier. This proactive approach allows them to take preventive measures before the threats escalate, significantly reducing the risk and impact of fraud and cyber-attacks. “Our FraudAction service pioneered brand protection, threat monitoring and takedown services and it continues that tradition of innovation today,” said Yogesh Patel, Chief Technology Officer at Outseer. “The expertise and tenure in leveraging intelligence gathering from cybercriminal communications channels offers unmatched intelligence on threats targeting our customers. We ensure this information is delivered as quickly as possible to our customers and this recent enhancement furthers that goal. The relationships built over 20 years with a global network of over 17,000 ISPs, hosting authorities, international law-enforcement agencies, and other entities allow Outseer to offer the most comprehensive threat monitoring and takedown service in the world.” To learn more about how Outseer delivers fraud solutions that work for you, visit outseer.com . Outseer is the global market leader in fraud prevention solutions that enable financial institutions to reduce fraud losses and operational costs while improving customer experience. Leveraging our 20-year history as RSA Fraud & Risk Intelligence, Outseer continues to innovate, protecting digital transactions from ever-evolving fraud threats. Outseer achieves this through our experienced global team, with employees in over 15 countries. Our proven AI-based platform leverages unique data science built on decades of global transaction data, including our proprietary consortium data, and intelligently orchestrates diverse data signals and authentication flows. Trusted by thousands of customers in over 50 countries, including hundreds of the world’s largest financial institutions, our solutions safeguard millions of accounts, billions of transactions, and trillions of dollars annually. Outseer is backed by established private equity investors that share our vision for liberating the world from transaction fraud. To learn more about how Outseer delivers fraud solutions that Stop Fraud Not Customers ® , visit outseer.com .",Outseer,,,,,"[""other""]","{""urls"": [], ""domains"": [], ""emails"": [], ""phones"": [], ""ip_addresses"": [], ""crypto_wallets"": []}"
ba5893cf4808a7,https://www.outseer.com/press-release/2024-global-fraud-and-scams-trends-report/,Outseer Announces 2024 Global Fraud & Scams Trends Report,2024-06-24,"BURLINGTON, MA – May 22, 2024 – Outseer, a leader in providing fraud solutions that protect financial accounts from login through payment, announced the launch of the 2024 Global Fraud & Scams Trends Report. Outseer’s report offers a comprehensive analysis of fraud attacks over the past year, shedding a light on the ever-evolving cyber fraud landscape that affects financial institutions of all sizes. The report is based on data collected and analyzed from Outseer’s FraudAction 24/7 Anti-Fraud Command Center (AFCC), which is comprised of a team of experts who continuously monitor global threats and protect the brands of our clients. Built with over 20 years of experience in the fraud industry, it is the largest and longest-standing fraud operations center in the world. The AFCC reviews over 2.4 billion URLs and over 18 million compromised emails, as well as detects over 200 thousand attacks annually. Threats can be blocked immediately after validation and are taken down with an industry-leading 12-hour average turnaround time. “Among all of the major institutions we speak with, three topics are top of mind; AI, scams and money mules – and with good reason,” said Scott Olson, CMO, Outseer. “In 2024, the popularity and availability of AI in the past year has fueled a surge in the effectiveness of phishing scams that have led to an explosion in trojans and malware. Additionally, the increase in consumer accessibility to instant payments has led to a resurgence in instant payment scams and rising attention on money mules. Fraudsters are on a perpetual quest to enhance the efficiency of their scams and expedite the cash-out process, and in 2024, they have capitalized on emerging technologies.” With the continual increase in fraud and scams, what can financial institutions do to prevent attacks? Outseer recommends updating fraud defenses by tapping into a data network consortium for better fraud detection, ensuring your fraud detection and prevention solution uses AI and predicative analytics to facilitate fraud detection and prevention, and updating your policy management solution. To learn more about the latest trends and what you can do to combat them, download a copy of the report “ 2024 Global Fraud and Scams Trends Report: AI-Powered Scams, Malware-as-a-Service, and Faster Payment Threats ”, and watch the webinar to gain deeper insights into the findings. To learn more about how Outseer delivers fraud solutions that work for you, visit outseer.com . Outseer is the global market leader in fraud prevention solutions that enable financial institutions to reduce fraud losses and operational costs while improving customer experience. Leveraging our 20-year history as RSA Fraud & Risk Intelligence, Outseer continues to innovate, protecting digital transactions from ever-evolving fraud threats. Outseer achieves this through our experienced global team, with employees in over 15 countries. Our proven AI-based platform leverages unique data science built on decades of global transaction data, including our proprietary consortium data, and intelligently orchestrates diverse data signals and authentication flows. Trusted by thousands of customers in over 50 countries, including hundreds of the world’s largest financial institutions, our solutions safeguard millions of accounts, billions of transactions, and trillions of dollars annually. Outseer is backed by established private equity investors that share our vision for liberating the world from transaction fraud. To learn more about how Outseer delivers fraud solutions that Stop Fraud Not Customers ® , visit outseer.com .",Outseer,2024-06-24 00:00:00+00:00,2024-06-24,2024.0,6.0,"[""cybercrime""]","{""urls"": [], ""domains"": [], ""emails"": [], ""phones"": [], ""ip_addresses"": [], ""crypto_wallets"": []}"
71868dbb3c0484,https://www.outseer.com/press-release/outseer-announces-2024-trends-in-faster-payments-fraud-report/,Outseer Announces 2024 Trends in Faster Payments Fraud Report,2024-09-19,"BURLINGTON, MA – June 22, 2024 – Outseer, a leader in providing fraud solutions that protect financial accounts from login through payment, announced the availability of a new global research report conducted by Datos Insights, focused on the global trends in real-time payments and the associated fraud. The 2024 report examines the trends in growth in real-time and non-real-time payments, how those trends influence corresponding rates of growth in different fraud typologies, and how these fraud trends affect efforts among fraud leaders across different markets to modernize and respond to these challenges. The report includes analyses of these market forces, their implications, and likely outcomes in terms of forecasted patterns and anticipated responses. The research showed that 94% of firms saw an increase in real-time payments, up from 71% a year earlier, with the expectation that they will continue to increase – over half of respondents expect the growth rate to be 25% or higher. However, the growth in payments continues to come with a corresponding growth in fraud, with 80% reporting an increase in mule activity. At the top of mind for fraud executives are APP fraud at 82%, ATO at 56%, and CNP fraud at 28%. How are global executives combatting this growth in fraud? 91% say they are monitoring inbound payment activity, and that mitigating threats across platforms makes that easier to manage. 91% say consolidation amplifies the value of signal detection, and 87% agree that it reduces operating costs. Additionally, 57% have already consolidated some aspect of their fraud management systems, with many more planned. “It is clear that banks are placing a high priority on addressing escalating scams and preparing for the liability shifts for banks to reimburse scammed consumers,” says John Filby, Outseer CEO. “Increased sophistication across real-time payments, especially in the areas of mule detection, scam models, signal orchestration and customer interventions is essential to address these new threats. Outseer is working together with some of the largest banks around the globe to solve these problems.” Additional insights and key takeaways from the report include: To learn more about the study findings, download a copy of the report “Trends in Faster Payments Fraud: Slowing Down to Speed Up ,” and watch the webinar for deeper insights. To learn more about how Outseer delivers fraud solutions that work for you, visit outseer.com . The 2024 Datos Insights research study, sponsored by Outseer, surveyed 32 fraud executives at large financial institutions (FIs) in Argentina, Australia, Brazil, India, the U.K., and the U.S. in April and May of 2024 to understand current payment fraud trends. Datos Insights augmented these efforts by examining patterns of controlling payments fraud in each market. Outseer is the global market leader in fraud prevention solutions that enable financial institutions to reduce fraud losses and operational costs while improving customer experience. Leveraging our 20-year history as RSA Fraud & Risk Intelligence, Outseer continues to innovate, protecting digital transactions from ever-evolving fraud threats. Outseer achieves this through our experienced global team, with employees in over 15 countries. Our proven AI-based platform leverages unique data science built on decades of global transaction data, including our proprietary consortium data, and intelligently orchestrates diverse data signals and authentication flows. Trusted by thousands of customers in over 50 countries, including hundreds of the world’s largest financial institutions, our solutions safeguard millions of accounts, billions of transactions, and trillions of dollars annually. Outseer is backed by established private equity investors that share our vision for liberating the world from transaction fraud. To learn more about how Outseer delivers fraud solutions that Stop Fraud Not Customers ® , visit outseer.com . Datos Insights delivers the most comprehensive and industry-specific data and advice to the companies trusted to protect and grow the world’s assets, and to the technology and service providers who support them. Staffed by experienced industry executives, researchers, and consultants, we support the world’s most progressive banks, insurers, investment firms, and technology companies through a mix of insights and advisory subscriptions, data services, custom projects and consulting, conferences, and executive councils. Visit them on the web or connect on LinkedIn .",Outseer,2024-09-19 00:00:00+00:00,2024-09-19,2024.0,9.0,"[""consumer_fraud""]","{""urls"": [], ""domains"": [], ""emails"": [], ""phones"": [], ""ip_addresses"": [], ""crypto_wallets"": []}"
c37e31055a60b1,https://www.outseer.com/fraud-protection/enhancing-fraud-protection/,Enhancing Fraud Protection: Outseer’s Latest Capabilities in Fraud Manager and 3-D Secure,,"Recent Articles Five Principles for Effective Real-Time Money Mule Detection in Fraud Prevention The New Era of Phishing: AI on Both Sides of the Battle Why False Pretenses Matter in the Fight Against Payment Scams 2026 Nacha Rule Change: Proactive Fraud Monitoring of ACH Now a Requirement The State of Global Scam Prevention: Regulatory Gaps, FI Challenges, and Solutions for 2026",Outseer,,,,,"[""consumer_fraud"", ""cybercrime"", ""money_laundering""]","{""urls"": [], ""domains"": [], ""emails"": [], ""phones"": [], ""ip_addresses"": [], ""crypto_wallets"": []}"
d667cbb5a40b66,https://www.outseer.com/payment-security/outseer-report-fraudulent-banking/,Outseer Report: 59% of Fraudulent Banking Transactions Made Via Mobile App,2022-04-01,"Recent Articles Five Principles for Effective Real-Time Money Mule Detection in Fraud Prevention The New Era of Phishing: AI on Both Sides of the Battle Why False Pretenses Matter in the Fight Against Payment Scams 2026 Nacha Rule Change: Proactive Fraud Monitoring of ACH Now a Requirement The State of Global Scam Prevention: Regulatory Gaps, FI Challenges, and Solutions for 2026",Outseer,2022-04-01 00:00:00+00:00,2022-04-01,2022.0,4.0,"[""consumer_fraud"", ""cybercrime"", ""money_laundering""]","{""urls"": [], ""domains"": [], ""emails"": [], ""phones"": [], ""ip_addresses"": [], ""crypto_wallets"": []}"
90c5ac9722f618,https://www.outseer.com/fraud-report-q2-2021/,Fraud & Payments Report Q2 2021,2023-03-22,"Digital transformation is re-shaping every aspect of our lives and digital transformation has been accelerating due to the Covid-19 pandemic. Outseer, the recent spinout of the RSA Fraud & Risk Intelligence business unit is laser focused on protecting payments in our post pandemic era. Outseer leverages a science driven machine learning engine and a global consortium of data shared across customers and industries to help liberate the world from payments fraud. Since 2017, we have published a global quarterly fraud report. Our most recent report presents an analysis of 42,000 global fraud attack and consumer fraud data collected by the Outseer research team. In Q1, the FraudAction team recovered +5.5M cards from online card stores and fraudster communication channels. To learn more about current global fraud trends and how fraudsters are evolving their strategies to target digital banking and payments activities, download your complimentary copy of the Outseer™ Fraud & Payments Report now.",Outseer,2023-03-22 00:00:00+00:00,2023-03-22,2023.0,3.0,"[""consumer_fraud""]","{""urls"": [], ""domains"": [], ""emails"": [], ""phones"": [], ""ip_addresses"": [], ""crypto_wallets"": []}"
28b691b62319fb,https://www.outseer.com/fraud-report-q3-2021/,Fraud & Payments Report Q3 2021,,"Outseer, an RSA Company, is the leader in payment authentication and account monitoring solutions. Our products and solutions have been built on decades of science-driven innovation and domain expertise, with our identity-based science delivering the highest fraud detection rates with the lowest customer intervention in the industry. The Outseer™ Fraud & Payments Report presents a global analysis of fraud attacks and consumer fraud data collected by the Outseer team. Our Q3 2021 report details research and trends in 2021 and specific insights for the second quarter ending June 2021. To learn more about current global fraud trends and how fraudsters are evolving their strategies to target digital banking and payments activities, download your complimentary copy of the Outseer™ Fraud & Payments Report now. Outseer is a leading technology company in the fight against payments fraud. Powered by cutting edge science and a suite of market leading anti-fraud products, Outseer reliably determines authentic customers from fraudulent behavior. Fewer false positives and less intervention create better experiences and happier customers. We have the highest fraud detection rates with the lowest customer interaction in the industry, and are constantly improving our modeling to deliver the best outcomes every time.",Outseer,,,,,"[""other""]","{""urls"": [], ""domains"": [], ""emails"": [], ""phones"": [], ""ip_addresses"": [], ""crypto_wallets"": []}"
14770c0f6d580a,https://www.outseer.com/reports/2024-global-fraud-and-scams-trends-report/,"2024 Global Fraud and Scams Trends Report: AI-Powered Scams, Malware-as-a-Service, and Faster Payment Threats",,"In Outseer’s latest Global Fraud and Scams Trends report, based on data collected and analyzed from Outseer’s FraudAction 24/7 Anti-Fraud Command Center, Outseer offers a comprehensive analysis of fraud attacks over the past year. This analysis sheds light on the ever-evolving cyber fraud landscape that affects organizations of all sizes. Three primary fraud threats have surfaced: The report highlights the skyrocketing popularity and widespread availability of AI in the past year that has fueled an alarming surge in scams. Additionally, the increase in consumer accessibility to instant payments has led to a resurgence in instant payment scams and a growing reliance on money mules. These can be attributed to the fact that fraudsters are constantly seeking ways to increase the efficiency of their scams and expedite the cash-out process by jumping on emerging technologies and situations that influence consumer behavior. These trends have highlighted the following insights: As financial crime escalates each year, it is crucial to remain knowledgeable of the latest trends and adapt strategies to combat constantly evolving fraud tactics.",Outseer,,,,,"[""other""]","{""urls"": [], ""domains"": [], ""emails"": [], ""phones"": [], ""ip_addresses"": [], ""crypto_wallets"": []}"
406955cc1a9aca,https://www.outseer.com/reports/datos-trends-in-faster-payments-fraud/,Trends in Faster Payments Fraud: Slowing Down to Speed Up,2025-09-11,"Faster payments have been an important innovation in the financial services industry. Yet, the benefits of these payment systems have come with a surge in fraud attacks and losses, and fraud leaders and their stakeholders are struggling to adapt and overcome the ongoing surge in fraud. Authorized Push Payment (APP) scams have emerged as a recurring theme across markets. These scams are strongly influencing how FIs are going about the business of modernizing and improving their payment fraud control frameworks. The ability to control these scams threaten to erode the trusted relationship between an FI and its customers. The 2024 Datos Insights research study, sponsored by Outseer, surveyed 32 fraud executives at large financial institutions (FIs) and fintech companies from Argentina, Australia, Brazil, India, the U.K., and the U.S. to examine longitudinal patterns of adoption and payment fraud trends. The report examines the trends in growth in real-time and non-real-time payments, how those trends influence corresponding rates of growth in different fraud typologies, and how these fraud trends affect efforts among fraud leaders across different markets to modernize and respond to these challenges. It also includes analyses of these market forces, their implications, and likely outcomes in terms of forecasted patterns and anticipated responses. The key findings from this report follow:",Outseer,2025-09-11 00:00:00+00:00,2025-09-11,2025.0,9.0,"[""other""]","{""urls"": [], ""domains"": [], ""emails"": [], ""phones"": [], ""ip_addresses"": [], ""crypto_wallets"": []}"
e9aa6b93a98ffa,https://www.outseer.com/datos-trends-in-faster-payments-fraud/,Trends in Faster Payments Fraud: Slowing Down to Speed Up,2024-07-24,"Faster payments have been an important innovation in the financial services industry. Yet, the benefits of these payment systems have come with a surge in fraud attacks and losses, and fraud leaders and their stakeholders are struggling to adapt and overcome the ongoing surge in fraud. Authorized Push Payment (APP) scams have emerged as a recurring theme across markets. These scams are strongly influencing how FIs are going about the business of modernizing and improving their payment fraud control frameworks. The ability to control these scams threaten to erode the trusted relationship between an FI and its customers. The 2024 Datos Insights research study, sponsored by Outseer, surveyed 32 fraud executives at large financial institutions (FIs) and fintech companies from Argentina, Australia, Brazil, India, the U.K., and the U.S. to examine longitudinal patterns of adoption and payment fraud trends. The report examines the trends in growth in real-time and non-real-time payments, how those trends influence corresponding rates of growth in different fraud typologies, and how these fraud trends affect efforts among fraud leaders across different markets to modernize and respond to these challenges. It also includes analyses of these market forces, their implications, and likely outcomes in terms of forecasted patterns and anticipated responses. The key findings from this report follow:",Outseer,2024-07-24 00:00:00+00:00,2024-07-24,2024.0,7.0,"[""other""]","{""urls"": [], ""domains"": [], ""emails"": [], ""phones"": [], ""ip_addresses"": [], ""crypto_wallets"": []}"
